"n_code","active","last_update","update_count","input_date","lat","lng","x_900913","y_900913","extension","date_photo","device_platform","device_model","device_uuid","user_n_code","viewing_angle","points","rain","bottom","fu_value","fu_processed","fu_observed","sd_depth","flagged_count","image"
"6438","1","9/2/2017 5:04:42 PM","2","9/2/2017 4:38:01 PM","-37.840559016948","144.92738412707","16133242","-4556926","png","9/2/2017 2:11:16 AM","iOS","iPhone8,1","A9C15DEC-6629-4D39-BAC7-5EFD97EDFAF4","","4","0","1","","15","0","0","0","0","http://www.eyeonwater.org/media/eyeonwater_upload/6438.png"
"6437","1","9/2/2017 5:04:47 PM","2","9/2/2017 4:37:44 PM","-37.841151575593","144.92725085481","16133227","-4557010","png","9/2/2017 2:10:16 AM","iOS","iPhone8,1","A9C15DEC-6629-4D39-BAC7-5EFD97EDFAF4","","5","0","1","","10","18","0","0","0","http://www.eyeonwater.org/media/eyeonwater_upload/6437.png"
"6436","1","9/2/2017 5:04:52 PM","2","9/2/2017 4:37:34 PM","-37.84145047426","144.92643889985","16133137","-4557052","png","9/2/2017 2:09:01 AM","iOS","iPhone8,1","A9C15DEC-6629-4D39-BAC7-5EFD97EDFAF4","","6","10","1","","9","18","0","0","0","http://www.eyeonwater.org/media/eyeonwater_upload/6436.png"
"6435","1","9/2/2017 5:04:58 PM","2","9/2/2017 4:37:26 PM","-37.820577775163","144.96206735274","16137103","-4554110","png","8/31/2017 11:51:59 PM","iOS","iPhone8,1","A9C15DEC-6629-4D39-BAC7-5EFD97EDFAF4","","10","0","","","16","19","0","0","0","http://www.eyeonwater.org/media/eyeonwater_upload/6435.png"
"6434","1","9/2/2017 5:05:03 PM","2","9/2/2017 4:37:15 PM","-37.820536578109","144.96204949929","16137101","-4554104","png","8/31/2017 11:50:05 PM","iOS","iPhone8,1","A9C15DEC-6629-4D39-BAC7-5EFD97EDFAF4","","7","10","","","16","1","0","0","0","http://www.eyeonwater.org/media/eyeonwater_upload/6434.png"
"6408","1","8/29/2017 1:04:30 PM","2","8/29/2017 1:01:13 PM","-37.842604871875","144.93080729632","16133623","-4557214","png","8/29/2017 12:32:23 AM","iOS","iPhone8,1","A9C15DEC-6629-4D39-BAC7-5EFD97EDFAF4","","8","0","","","4","4","0","0","0","http://www.eyeonwater.org/media/eyeonwater_upload/6408.png"
"6407","1","8/29/2017 1:04:36 PM","2","8/29/2017 1:01:10 PM","-37.84264250662","144.93087267517","16133630","-4557220","png","8/29/2017 12:30:53 AM","iOS","iPhone8,1","A9C15DEC-6629-4D39-BAC7-5EFD97EDFAF4","","7","0","","","13","9","0","0","0","http://www.eyeonwater.org/media/eyeonwater_upload/6407.png"
"6406","1","8/29/2017 1:04:41 PM","2","8/29/2017 1:01:04 PM","-37.841503196431","144.9271125534","16133212","-4557059","png","8/29/2017 12:24:19 AM","iOS","iPhone8,1","A9C15DEC-6629-4D39-BAC7-5EFD97EDFAF4","","9","0","","1","8","8","0","0","0","http://www.eyeonwater.org/media/eyeonwater_upload/6406.png"
"6405","1","8/29/2017 1:04:46 PM","2","8/29/2017 1:00:57 PM","-37.84153441902","144.92645541219","16133139","-4557064","png","8/29/2017 12:23:25 AM","iOS","iPhone8,1","A9C15DEC-6629-4D39-BAC7-5EFD97EDFAF4","","11","0","","","17","8","0","0","0","http://www.eyeonwater.org/media/eyeonwater_upload/6405.png"
"6404","1","8/29/2017 1:04:52 PM","2","8/29/2017 1:00:53 PM","-37.841426585836","144.9264827372","16133142","-4557048","png","8/29/2017 12:21:40 AM","iOS","iPhone8,1","A9C15DEC-6629-4D39-BAC7-5EFD97EDFAF4","","8","10","","","9","4","0","0","0","http://www.eyeonwater.org/media/eyeonwater_upload/6404.png"
"6401","1","8/29/2017 1:04:31 AM","2","8/29/2017 12:16:59 AM","-37.82044039577","144.96402293457","16137321","-4554091","png","8/28/2017 12:47:24 AM","iOS","iPhone8,1","A9C15DEC-6629-4D39-BAC7-5EFD97EDFAF4","","8","0","1","","10","19","0","0","0","http://www.eyeonwater.org/media/eyeonwater_upload/6401.png"
"6400","1","8/29/2017 1:04:36 AM","2","8/29/2017 12:16:53 AM","-37.820660211181","144.96226198053","16137125","-4554122","png","8/28/2017 12:45:39 AM","iOS","iPhone8,1","A9C15DEC-6629-4D39-BAC7-5EFD97EDFAF4","","10","10","1","","18","18","0","0","0","http://www.eyeonwater.org/media/eyeonwater_upload/6400.png"
"6376","1","8/25/2017 1:04:33 PM","2","8/25/2017 12:12:49 PM","-37.820410053281","144.96218302301","16137116","-4554086","png","8/25/2017 12:53:43 AM","iOS","iPhone8,1","A9C15DEC-6629-4D39-BAC7-5EFD97EDFAF4","","13","0","","","10","0","0","0","0","http://www.eyeonwater.org/media/eyeonwater_upload/6376.png"
"6375","1","8/25/2017 1:04:39 PM","2","8/25/2017 12:12:44 PM","-37.820554557292","144.96221571243","16137120","-4554107","png","8/25/2017 12:51:55 AM","iOS","iPhone8,1","A9C15DEC-6629-4D39-BAC7-5EFD97EDFAF4","","6","10","","","18","17","0","0","0","http://www.eyeonwater.org/media/eyeonwater_upload/6375.png"
"6344","1","8/22/2017 2:04:35 PM","2","8/22/2017 1:46:16 PM","-37.820422542317","144.9640393631","16137323","-4554088","png","8/22/2017 12:45:23 AM","iOS","iPhone8,1","A9C15DEC-6629-4D39-BAC7-5EFD97EDFAF4","","9","0","","","17","0","0","0","0","http://www.eyeonwater.org/media/eyeonwater_upload/6344.png"
"6343","1","8/22/2017 2:04:41 PM","2","8/22/2017 1:46:11 PM","-37.820394965855","144.9622996991","16137129","-4554084","png","8/22/2017 12:43:30 AM","iOS","iPhone8,1","A9C15DEC-6629-4D39-BAC7-5EFD97EDFAF4","","12","0","","","18","16","0","0","0","http://www.eyeonwater.org/media/eyeonwater_upload/6343.png"
"6342","1","8/22/2017 2:04:46 PM","2","8/22/2017 1:46:04 PM","-37.820502882859","144.96238033301","16137138","-4554099","png","8/22/2017 12:43:08 AM","iOS","iPhone8,1","A9C15DEC-6629-4D39-BAC7-5EFD97EDFAF4","","12","10","","","17","16","0","0","0","http://www.eyeonwater.org/media/eyeonwater_upload/6342.png"
"6338","1","8/21/2017 1:04:36 AM","2","8/21/2017 12:12:32 AM","-37.8459067969","144.91620048894","16131997","-4557680","png","8/19/2017 5:53:11 AM","iOS","iPhone8,1","A9C15DEC-6629-4D39-BAC7-5EFD97EDFAF4","","11","0","1","1","14","8","0","0","0","http://www.eyeonwater.org/media/eyeonwater_upload/6338.png"
"6337","1","8/21/2017 1:04:42 AM","2","8/21/2017 12:12:28 AM","-37.845910820214","144.91625237292","16132003","-4557680","png","8/19/2017 5:52:36 AM","iOS","iPhone8,1","A9C15DEC-6629-4D39-BAC7-5EFD97EDFAF4","","11","0","1","1","10","15","0","0","0","http://www.eyeonwater.org/media/eyeonwater_upload/6337.png"
"6336","1","8/21/2017 1:04:47 AM","2","8/21/2017 12:12:21 AM","-37.845162274351","144.9154925534","16131918","-4557575","png","8/19/2017 5:47:59 AM","iOS","iPhone8,1","A9C15DEC-6629-4D39-BAC7-5EFD97EDFAF4","","10","0","1","1","9","7","0","0","0","http://www.eyeonwater.org/media/eyeonwater_upload/6336.png"
"6335","1","8/21/2017 1:04:52 AM","2","8/21/2017 12:12:17 AM","-37.84524378836","144.91549523561","16131919","-4557586","png","8/19/2017 5:47:43 AM","iOS","iPhone8,1","A9C15DEC-6629-4D39-BAC7-5EFD97EDFAF4","","6","0","1","1","10","2","0","0","0","http://www.eyeonwater.org/media/eyeonwater_upload/6335.png"
"6334","1","8/21/2017 1:04:58 AM","2","8/21/2017 12:12:13 AM","-37.84438330218","144.91496793008","16131860","-4557465","png","8/19/2017 5:45:44 AM","iOS","iPhone8,1","A9C15DEC-6629-4D39-BAC7-5EFD97EDFAF4","","11","0","1","1","11","8","0","0","0","http://www.eyeonwater.org/media/eyeonwater_upload/6334.png"
"6333","1","8/21/2017 1:05:03 AM","2","8/21/2017 12:12:08 AM","-37.84438330218","144.91496793008","16131860","-4557465","png","8/19/2017 5:45:10 AM","iOS","iPhone8,1","A9C15DEC-6629-4D39-BAC7-5EFD97EDFAF4","","8","10","1","1","12","2","0","0","0","http://www.eyeonwater.org/media/eyeonwater_upload/6333.png"
"6279","1","8/16/2017 7:13:46 PM","3","8/14/2017 7:25:26 AM","-36.1107758107","147.03452417641","16367808","-4315874","png","8/14/2017 7:24:05 AM","iOS","iPhone5,2","89500798-F03E-4D5B-81F7-609608B80081","","4","10","","","16","4","15","4.25","0","http://www.eyeonwater.org/media/eyeonwater_upload/6279.png"
"6278","1","8/16/2017 7:13:46 PM","3","8/14/2017 6:39:42 AM","-36.127890651148","147.03977535492","16368392","-4318233","png","8/14/2017 6:38:31 AM","iOS","iPhone5,2","89500798-F03E-4D5B-81F7-609608B80081","","4","10","","","16","11","16","3","0","http://www.eyeonwater.org/media/eyeonwater_upload/6278.png"
"6277","1","8/16/2017 7:13:46 PM","3","8/14/2017 4:57:11 AM","-36.203805422444","147.07826513811","16372677","-4328701","png","8/14/2017 4:55:55 AM","iOS","iPhone5,2","89500798-F03E-4D5B-81F7-609608B80081","","6","0","","","14","8","17","3.1","0","http://www.eyeonwater.org/media/eyeonwater_upload/6277.png"
"6276","1","8/16/2017 7:13:46 PM","3","8/14/2017 4:56:12 AM","-36.203848128241","147.0782673174","16372677","-4328706","png","8/14/2017 4:54:54 AM","iOS","iPhone5,2","89500798-F03E-4D5B-81F7-609608B80081","","4","10","","","13","11","17","0","0","http://www.eyeonwater.org/media/eyeonwater_upload/6276.png"
"6275","1","8/16/2017 7:13:46 PM","3","8/14/2017 3:31:46 AM","-36.097466605749","147.04676175504","16369170","-4314040","png","8/14/2017 3:30:16 AM","iOS","iPhone5,2","89500798-F03E-4D5B-81F7-609608B80081","","3","10","","","14","12","18","2.65","0","http://www.eyeonwater.org/media/eyeonwater_upload/6275.png"
"5997","1","8/16/2017 7:13:46 PM","9","6/27/2017 4:08:06 PM","-37.820099294221","144.96453984654","16137378","-4554042","png","6/27/2017 12:45:36 AM","iOS","iPhone8,1","A9C15DEC-6629-4D39-BAC7-5EFD97EDFAF4","","2","0","","","10","15","0","0","0","http://www.eyeonwater.org/media/eyeonwater_upload/5997.png"
"5996","1","8/16/2017 7:13:46 PM","9","6/27/2017 4:07:59 PM","-37.820648392698","144.9624313788","16137144","-4554120","png","6/27/2017 12:43:49 AM","iOS","iPhone8,1","A9C15DEC-6629-4D39-BAC7-5EFD97EDFAF4","","6","10","","","16","16","0","0","0","http://www.eyeonwater.org/media/eyeonwater_upload/5996.png"
"5988","1","8/16/2017 7:13:46 PM","10","6/26/2017 1:00:49 AM","-27.497618696678","153.01960579134","17034064","-3185781","png","6/26/2017 12:59:39 AM","iOS","iPhone6,2","E672976D-99C4-487B-9A5C-E6A5714081CE","","-1","10","","","19","20","0","0","0","http://www.eyeonwater.org/media/eyeonwater_upload/5988.png"
"5961","1","8/16/2017 7:13:46 PM","10","6/21/2017 2:11:07 PM","-33.872677157665","151.19973359644","16831477","-4011718","png","6/20/2017 12:26:49 AM","iOS","iPhone8,1","A9C15DEC-6629-4D39-BAC7-5EFD97EDFAF4","","11","0","1","","10","0","0","0","0","http://www.eyeonwater.org/media/eyeonwater_upload/5961.png"
"5960","1","8/16/2017 7:13:46 PM","10","6/21/2017 4:11:27 AM","-33.872684617558","151.19978640243","16831483","-4011719","png","6/20/2017 12:26:18 AM","iOS","iPhone8,1","A9C15DEC-6629-4D39-BAC7-5EFD97EDFAF4","","5","10","1","","9","0","0","0","0","http://www.eyeonwater.org/media/eyeonwater_upload/5960.png"
"5922","1","8/16/2017 7:13:46 PM","10","6/14/2017 8:48:13 AM","-37.84592066895","144.916107366","16131987","-4557682","png","6/14/2017 7:37:37 AM","iOS","iPhone8,1","A9C15DEC-6629-4D39-BAC7-5EFD97EDFAF4","","3","0","","1","9","13","0","0","0","http://www.eyeonwater.org/media/eyeonwater_upload/5922.png"
"5921","1","8/16/2017 7:13:46 PM","10","6/14/2017 8:48:09 AM","-37.845931481605","144.91611759192","16131988","-4557683","png","6/14/2017 7:37:15 AM","iOS","iPhone8,1","A9C15DEC-6629-4D39-BAC7-5EFD97EDFAF4","","3","0","","1","10","9","0","0","0","http://www.eyeonwater.org/media/eyeonwater_upload/5921.png"
"5920","1","8/16/2017 7:13:46 PM","10","6/14/2017 8:47:57 AM","-37.845162944903","144.91554091698","16131924","-4557575","png","6/14/2017 7:35:29 AM","iOS","iPhone8,1","A9C15DEC-6629-4D39-BAC7-5EFD97EDFAF4","","3","0","","1","9","15","0","0","0","http://www.eyeonwater.org/media/eyeonwater_upload/5920.png"
"5919","1","8/16/2017 7:13:46 PM","10","6/14/2017 8:47:50 AM","-37.84517187163","144.91553806713","16131923","-4557576","png","6/14/2017 7:35:10 AM","iOS","iPhone8,1","A9C15DEC-6629-4D39-BAC7-5EFD97EDFAF4","","7","0","","1","8","14","0","0","0","http://www.eyeonwater.org/media/eyeonwater_upload/5919.png"
"5918","1","8/16/2017 7:13:46 PM","10","6/14/2017 8:47:45 AM","-37.84437114842","144.91494135945","16131857","-4557463","png","6/14/2017 7:33:41 AM","iOS","iPhone8,1","A9C15DEC-6629-4D39-BAC7-5EFD97EDFAF4","","8","0","","1","9","10","0","0","0","http://www.eyeonwater.org/media/eyeonwater_upload/5918.png"
"5917","1","8/16/2017 7:13:46 PM","10","6/14/2017 8:47:40 AM","-37.844351199491","144.91497966474","16131861","-4557461","png","6/14/2017 7:33:21 AM","iOS","iPhone8,1","A9C15DEC-6629-4D39-BAC7-5EFD97EDFAF4","","6","10","","1","9","14","0","0","0","http://www.eyeonwater.org/media/eyeonwater_upload/5917.png"
"5890","1","8/16/2017 7:13:46 PM","11","6/10/2017 9:03:48 AM","-33.872986449892","151.20019812151","16831529","-4011759","png","5/16/2017 5:03:25 AM","iOS","iPhone7,2","A9366046-54DD-4E3D-A785-5F63375457BA","35","3","10","","","7","7","0","0","0","http://www.eyeonwater.org/media/eyeonwater_upload/5890.png"
"5889","1","8/16/2017 7:13:46 PM","11","6/10/2017 4:50:24 AM","-37.84267800398","144.93082950837","16133626","-4557225","png","6/10/2017 3:50:43 AM","iOS","iPhone8,1","A9C15DEC-6629-4D39-BAC7-5EFD97EDFAF4","","8","0","","","11","0","0","0","0","http://www.eyeonwater.org/media/eyeonwater_upload/5889.png"
"5888","1","8/16/2017 7:13:46 PM","11","6/10/2017 4:50:06 AM","-37.842809348402","144.93065298548","16133606","-4557243","png","6/10/2017 3:49:45 AM","iOS","iPhone8,1","A9C15DEC-6629-4D39-BAC7-5EFD97EDFAF4","","12","0","","","6","5","0","0","0","http://www.eyeonwater.org/media/eyeonwater_upload/5888.png"
"5887","1","8/16/2017 7:13:46 PM","11","6/10/2017 4:49:48 AM","-37.841353495641","144.92720735273","16133222","-4557038","png","6/10/2017 3:44:49 AM","iOS","iPhone8,1","A9C15DEC-6629-4D39-BAC7-5EFD97EDFAF4","","8","0","","","7","7","0","0","0","http://www.eyeonwater.org/media/eyeonwater_upload/5887.png"
"5886","1","8/16/2017 7:13:46 PM","11","6/10/2017 4:49:38 AM","-37.841803603841","144.92701850845","16133201","-4557102","png","6/10/2017 3:42:59 AM","iOS","iPhone8,1","A9C15DEC-6629-4D39-BAC7-5EFD97EDFAF4","","8","0","","","8","8","0","0","0","http://www.eyeonwater.org/media/eyeonwater_upload/5886.png"
"5885","1","8/16/2017 7:13:46 PM","11","6/10/2017 4:49:13 AM","-37.841912820039","144.92694332278","16133193","-4557117","png","6/10/2017 3:42:37 AM","iOS","iPhone8,1","A9C15DEC-6629-4D39-BAC7-5EFD97EDFAF4","","8","0","","","10","8","0","0","0","http://www.eyeonwater.org/media/eyeonwater_upload/5885.png"
"5884","1","8/16/2017 7:13:46 PM","11","6/10/2017 4:48:56 AM","-37.841879208607","144.92643303251","16133136","-4557112","png","6/10/2017 3:41:40 AM","iOS","iPhone8,1","A9C15DEC-6629-4D39-BAC7-5EFD97EDFAF4","","5","10","","","9","3","0","0","0","http://www.eyeonwater.org/media/eyeonwater_upload/5884.png"
"5881","1","8/16/2017 7:13:46 PM","14","6/7/2017 6:06:34 AM","-37.814704743249","144.94258630103","16134934","-4553282","png","6/7/2017 3:51:58 AM","iOS","iPhone8,1","A9C15DEC-6629-4D39-BAC7-5EFD97EDFAF4","","13","0","","","2","2","0","0","0","http://www.eyeonwater.org/media/eyeonwater_upload/5881.png"
"5880","1","8/16/2017 7:13:46 PM","14","6/7/2017 6:06:31 AM","-37.814711784048","144.94251606068","16134927","-4553283","png","6/7/2017 3:50:31 AM","iOS","iPhone8,1","A9C15DEC-6629-4D39-BAC7-5EFD97EDFAF4","","15","0","","","2","1","0","0","0","http://www.eyeonwater.org/media/eyeonwater_upload/5880.png"
"5879","1","8/16/2017 7:13:46 PM","14","6/7/2017 6:06:28 AM","-37.814269848203","144.94370008832","16135058","-4553221","png","6/7/2017 3:49:23 AM","iOS","iPhone8,1","A9C15DEC-6629-4D39-BAC7-5EFD97EDFAF4","","13","10","","","2","2","0","0","0","http://www.eyeonwater.org/media/eyeonwater_upload/5879.png"
"5878","1","8/16/2017 7:13:46 PM","14","6/7/2017 6:06:23 AM","-37.814409113524","144.94398549213","16135090","-4553241","png","6/7/2017 1:13:12 AM","iOS","iPhone8,1","A9C15DEC-6629-4D39-BAC7-5EFD97EDFAF4","","13","0","","","8","2","0","0","0","http://www.eyeonwater.org/media/eyeonwater_upload/5878.png"
"5877","1","8/16/2017 7:13:46 PM","14","6/7/2017 6:06:20 AM","-37.81799153894","144.94529902017","16135236","-4553745","png","6/7/2017 1:10:06 AM","iOS","iPhone8,1","A9C15DEC-6629-4D39-BAC7-5EFD97EDFAF4","","7","0","","1","9","3","0","0","0","http://www.eyeonwater.org/media/eyeonwater_upload/5877.png"
"5876","1","8/16/2017 7:13:46 PM","14","6/7/2017 6:06:17 AM","-37.822765661439","144.94684556513","16135409","-4554418","png","6/7/2017 1:05:25 AM","iOS","iPhone8,1","A9C15DEC-6629-4D39-BAC7-5EFD97EDFAF4","","7","0","","","10","2","0","0","0","http://www.eyeonwater.org/media/eyeonwater_upload/5876.png"
"5875","1","8/16/2017 7:13:46 PM","14","6/7/2017 6:06:10 AM","-37.824048930814","144.94836495271","16135578","-4554599","png","6/7/2017 1:02:10 AM","iOS","iPhone8,1","A9C15DEC-6629-4D39-BAC7-5EFD97EDFAF4","","12","10","","1","16","16","0","0","0","http://www.eyeonwater.org/media/eyeonwater_upload/5875.png"
"5870","1","8/16/2017 7:13:46 PM","14","6/6/2017 9:51:23 AM","-37.820475264488","144.96397398426","16137315","-4554095","png","6/6/2017 1:15:26 AM","iOS","iPhone8,1","A9C15DEC-6629-4D39-BAC7-5EFD97EDFAF4","","9","0","1","","15","0","0","0","0","http://www.eyeonwater.org/media/eyeonwater_upload/5870.png"
"5869","1","8/16/2017 7:13:46 PM","14","6/6/2017 9:51:10 AM","-37.820852282492","144.96201261892","16137097","-4554149","png","6/6/2017 1:13:23 AM","iOS","iPhone8,1","A9C15DEC-6629-4D39-BAC7-5EFD97EDFAF4","","5","0","1","","9","17","0","0","0","http://www.eyeonwater.org/media/eyeonwater_upload/5869.png"
"5868","1","8/16/2017 7:13:46 PM","14","6/6/2017 9:51:06 AM","-37.822796548752","144.9577603118","16136624","-4554423","png","6/6/2017 1:09:00 AM","iOS","iPhone8,1","A9C15DEC-6629-4D39-BAC7-5EFD97EDFAF4","","6","0","1","","9","18","0","0","0","http://www.eyeonwater.org/media/eyeonwater_upload/5868.png"
"5867","1","8/16/2017 7:13:46 PM","14","6/6/2017 9:50:49 AM","-37.823297367466","144.95587019263","16136413","-4554493","png","6/6/2017 1:07:07 AM","iOS","iPhone8,1","A9C15DEC-6629-4D39-BAC7-5EFD97EDFAF4","","19","0","1","","8","16","0","0","0","http://www.eyeonwater.org/media/eyeonwater_upload/5867.png"
"5866","1","8/16/2017 7:13:46 PM","14","6/6/2017 9:50:26 AM","-37.823886615259","144.9499917963","16135759","-4554576","png","6/6/2017 1:03:30 AM","iOS","iPhone8,1","A9C15DEC-6629-4D39-BAC7-5EFD97EDFAF4","","-1","0","1","","17","21","0","0","0","http://www.eyeonwater.org/media/eyeonwater_upload/5866.png"
"5865","1","8/16/2017 7:13:46 PM","14","6/6/2017 9:50:22 AM","-37.824173443986","144.9480579236","16135543","-4554617","png","6/6/2017 1:01:21 AM","iOS","iPhone8,1","A9C15DEC-6629-4D39-BAC7-5EFD97EDFAF4","","6","10","1","","10","15","0","0","0","http://www.eyeonwater.org/media/eyeonwater_upload/5865.png"
"5863","1","8/16/2017 7:13:46 PM","14","6/5/2017 11:48:44 AM","-37.842867937906","144.93071769378","16133613","-4557252","png","6/5/2017 12:31:00 AM","iOS","iPhone8,1","A9C15DEC-6629-4D39-BAC7-5EFD97EDFAF4","","3","0","","","9","8","0","0","0","http://www.eyeonwater.org/media/eyeonwater_upload/5863.png"
"5862","1","8/16/2017 7:13:46 PM","14","6/5/2017 11:47:58 AM","-37.820634855924","144.96208051233","16137104","-4554118","png","6/5/2017 12:50:22 AM","iOS","iPhone8,1","A9C15DEC-6629-4D39-BAC7-5EFD97EDFAF4","","11","0","","","16","19","0","0","0","http://www.eyeonwater.org/media/eyeonwater_upload/5862.png"
"5861","1","8/16/2017 7:13:46 PM","14","6/5/2017 11:47:38 AM","-37.82065509822","144.9620244374","16137098","-4554121","png","6/5/2017 12:49:51 AM","iOS","iPhone8,1","A9C15DEC-6629-4D39-BAC7-5EFD97EDFAF4","","8","0","","","16","19","0","0","0","http://www.eyeonwater.org/media/eyeonwater_upload/5861.png"
"5860","1","8/16/2017 7:13:46 PM","14","6/5/2017 11:47:31 AM","-37.820700653864","144.96208537383","16137105","-4554127","png","6/5/2017 12:48:21 AM","iOS","iPhone8,1","A9C15DEC-6629-4D39-BAC7-5EFD97EDFAF4","","9","10","","","18","17","0","0","0","http://www.eyeonwater.org/media/eyeonwater_upload/5860.png"
"5859","1","8/16/2017 7:13:46 PM","14","6/5/2017 11:47:17 AM","-37.842867937906","144.93071769378","16133613","-4557252","png","6/5/2017 12:31:00 AM","iOS","iPhone8,1","A9C15DEC-6629-4D39-BAC7-5EFD97EDFAF4","","3","0","","","9","8","0","0","0","http://www.eyeonwater.org/media/eyeonwater_upload/5859.png"
"5858","1","8/16/2017 7:13:46 PM","14","6/5/2017 11:45:50 AM","-37.842854275403","144.93080511703","16133623","-4557250","png","6/5/2017 12:30:22 AM","iOS","iPhone8,1","A9C15DEC-6629-4D39-BAC7-5EFD97EDFAF4","","6","0","","","8","6","0","0","0","http://www.eyeonwater.org/media/eyeonwater_upload/5858.png"
"5857","1","8/16/2017 7:13:46 PM","14","6/5/2017 11:45:28 AM","-37.842187620735","144.93079539402","16133622","-4557156","png","6/5/2017 12:29:30 AM","iOS","iPhone8,1","A9C15DEC-6629-4D39-BAC7-5EFD97EDFAF4","","6","0","","","10","6","0","0","0","http://www.eyeonwater.org/media/eyeonwater_upload/5857.png"
"5856","1","8/16/2017 7:13:46 PM","14","6/5/2017 11:45:22 AM","-37.841128986364","144.92721313624","16133223","-4557006","png","6/5/2017 12:26:19 AM","iOS","iPhone8,1","A9C15DEC-6629-4D39-BAC7-5EFD97EDFAF4","","4","0","","1","16","21","0","0","0","http://www.eyeonwater.org/media/eyeonwater_upload/5856.png"
"5855","1","8/16/2017 7:13:46 PM","14","6/5/2017 11:44:36 AM","-37.841375917232","144.92759325555","16133265","-4557041","png","6/5/2017 12:25:32 AM","iOS","iPhone8,1","A9C15DEC-6629-4D39-BAC7-5EFD97EDFAF4","","9","0","","","8","5","0","0","0","http://www.eyeonwater.org/media/eyeonwater_upload/5855.png"
"5854","1","8/16/2017 7:13:46 PM","14","6/5/2017 11:44:11 AM","-37.841894170305","144.92687936886","16133186","-4557114","png","6/5/2017 12:24:44 AM","iOS","iPhone8,1","A9C15DEC-6629-4D39-BAC7-5EFD97EDFAF4","","6","0","","","8","4","0","0","0","http://www.eyeonwater.org/media/eyeonwater_upload/5854.png"
"5853","1","8/16/2017 7:13:46 PM","14","6/5/2017 11:44:05 AM","-37.841818314081","144.92634451962","16133126","-4557104","png","6/5/2017 12:24:00 AM","iOS","iPhone8,1","A9C15DEC-6629-4D39-BAC7-5EFD97EDFAF4","","3","0","","","8","5","0","0","0","http://www.eyeonwater.org/media/eyeonwater_upload/5853.png"
"5852","1","8/16/2017 7:13:46 PM","14","6/5/2017 11:43:57 AM","-37.841546321323","144.92642875774","16133136","-4557065","png","6/5/2017 12:23:01 AM","iOS","iPhone8,1","A9C15DEC-6629-4D39-BAC7-5EFD97EDFAF4","","5","10","","","9","3","0","0","0","http://www.eyeonwater.org/media/eyeonwater_upload/5852.png"
"5841","1","8/16/2017 7:13:46 PM","14","6/4/2017 5:12:29 AM","-37.841290212272","144.92716083317","16133217","-4557029","png","6/4/2017 5:06:25 AM","iOS","iPhone8,1","A9C15DEC-6629-4D39-BAC7-5EFD97EDFAF4","","11","0","","1","8","9","0","0","0","http://www.eyeonwater.org/media/eyeonwater_upload/5841.png"
"5840","1","8/16/2017 7:13:46 PM","14","6/4/2017 5:12:20 AM","-37.841726951336","144.92700501359","16133200","-4557091","png","6/4/2017 5:05:42 AM","iOS","iPhone8,1","A9C15DEC-6629-4D39-BAC7-5EFD97EDFAF4","","10","0","","","8","6","0","0","0","http://www.eyeonwater.org/media/eyeonwater_upload/5840.png"
"5839","1","8/16/2017 7:13:46 PM","14","6/4/2017 5:12:15 AM","-37.841656878626","144.92708799443","16133209","-4557081","png","6/4/2017 5:04:55 AM","iOS","iPhone8,1","A9C15DEC-6629-4D39-BAC7-5EFD97EDFAF4","","10","0","","","7","6","0","0","0","http://www.eyeonwater.org/media/eyeonwater_upload/5839.png"
"5838","1","8/16/2017 7:13:46 PM","14","6/4/2017 5:12:08 AM","-37.84193784002","144.9269781915","16133197","-4557120","png","6/4/2017 5:04:10 AM","iOS","iPhone8,1","A9C15DEC-6629-4D39-BAC7-5EFD97EDFAF4","","8","0","","1","9","13","0","0","0","http://www.eyeonwater.org/media/eyeonwater_upload/5838.png"
"5837","1","8/16/2017 7:13:46 PM","14","6/4/2017 5:12:01 AM","-37.84181056082","144.92643462508","16133136","-4557102","png","6/4/2017 5:03:03 AM","iOS","iPhone8,1","A9C15DEC-6629-4D39-BAC7-5EFD97EDFAF4","","11","0","","1","5","5","0","0","0","http://www.eyeonwater.org/media/eyeonwater_upload/5837.png"
"5836","1","8/16/2017 7:13:46 PM","14","6/4/2017 5:11:56 AM","-37.841891613824","144.9263981638","16133132","-4557114","png","6/4/2017 5:02:26 AM","iOS","iPhone8,1","A9C15DEC-6629-4D39-BAC7-5EFD97EDFAF4","","8","10","","1","8","3","0","0","0","http://www.eyeonwater.org/media/eyeonwater_upload/5836.png"
"5835","1","8/16/2017 7:13:46 PM","14","6/4/2017 5:11:52 AM","-37.845937474666","144.91631607539","16132010","-4557684","png","6/4/2017 4:55:13 AM","iOS","iPhone8,1","A9C15DEC-6629-4D39-BAC7-5EFD97EDFAF4","","8","0","","1","16","14","0","0","0","http://www.eyeonwater.org/media/eyeonwater_upload/5835.png"
"5834","1","8/16/2017 7:13:46 PM","14","6/4/2017 5:11:40 AM","-37.845175475849","144.9154872728","16131918","-4557577","png","6/4/2017 4:53:47 AM","iOS","iPhone8,1","A9C15DEC-6629-4D39-BAC7-5EFD97EDFAF4","","8","0","","1","15","1","0","0","0","http://www.eyeonwater.org/media/eyeonwater_upload/5834.png"
"5833","1","8/16/2017 7:13:46 PM","14","6/4/2017 5:11:36 AM","-37.844347595272","144.91494789733","16131858","-4557460","png","6/4/2017 4:51:50 AM","iOS","iPhone8,1","A9C15DEC-6629-4D39-BAC7-5EFD97EDFAF4","","9","10","","1","16","1","0","0","0","http://www.eyeonwater.org/media/eyeonwater_upload/5833.png"
"5831","1","8/16/2017 7:13:46 PM","14","6/3/2017 2:34:32 AM","-37.842937423883","144.93321348927","16133891","-4557261","png","6/3/2017 12:48:53 AM","iOS","iPhone8,1","A9C15DEC-6629-4D39-BAC7-5EFD97EDFAF4","","2","0","","1","15","0","0","0","0","http://www.eyeonwater.org/media/eyeonwater_upload/5831.png"
"5830","1","8/16/2017 7:13:46 PM","14","6/3/2017 2:34:28 AM","-37.84283030316","144.93324584341","16133895","-4557246","png","6/3/2017 12:48:30 AM","iOS","iPhone8,1","A9C15DEC-6629-4D39-BAC7-5EFD97EDFAF4","","3","0","","1","17","14","0","0","0","http://www.eyeonwater.org/media/eyeonwater_upload/5830.png"
"5829","1","8/16/2017 7:13:46 PM","14","6/3/2017 2:34:24 AM","-37.842904566822","144.93067477843","16133608","-4557257","png","6/3/2017 12:45:32 AM","iOS","iPhone8,1","A9C15DEC-6629-4D39-BAC7-5EFD97EDFAF4","","11","0","","","7","7","0","0","0","http://www.eyeonwater.org/media/eyeonwater_upload/5829.png"
"5828","1","8/16/2017 7:13:46 PM","14","6/3/2017 2:34:19 AM","-37.842437275721","144.9308679813","16133630","-4557191","png","6/3/2017 12:44:24 AM","iOS","iPhone8,1","A9C15DEC-6629-4D39-BAC7-5EFD97EDFAF4","","11","0","","","8","8","0","0","0","http://www.eyeonwater.org/media/eyeonwater_upload/5828.png"
"5827","1","8/16/2017 7:13:46 PM","14","6/3/2017 2:34:12 AM","-37.842415273225","144.93103235042","16133648","-4557188","png","6/3/2017 12:43:46 AM","iOS","iPhone8,1","A9C15DEC-6629-4D39-BAC7-5EFD97EDFAF4","","7","0","","1","9","8","0","0","0","http://www.eyeonwater.org/media/eyeonwater_upload/5827.png"
"5826","1","8/16/2017 7:13:46 PM","14","6/3/2017 2:33:59 AM","-37.840460278129","144.92746291696","16133251","-4556912","png","6/3/2017 12:40:44 AM","iOS","iPhone8,1","A9C15DEC-6629-4D39-BAC7-5EFD97EDFAF4","","12","0","","1","15","16","0","0","0","http://www.eyeonwater.org/media/eyeonwater_upload/5826.png"
"5825","1","8/16/2017 7:13:46 PM","14","6/3/2017 2:33:48 AM","-37.841047849541","144.92742947316","16133247","-4556995","png","6/3/2017 12:39:02 AM","iOS","iPhone8,1","A9C15DEC-6629-4D39-BAC7-5EFD97EDFAF4","","8","0","","1","13","21","0","0","0","http://www.eyeonwater.org/media/eyeonwater_upload/5825.png"
"5824","1","8/16/2017 7:13:46 PM","14","6/3/2017 2:33:41 AM","-37.841529767064","144.92700258283","16133200","-4557063","png","6/3/2017 12:38:06 AM","iOS","iPhone8,1","A9C15DEC-6629-4D39-BAC7-5EFD97EDFAF4","","10","0","","1","8","9","0","0","0","http://www.eyeonwater.org/media/eyeonwater_upload/5824.png"
"5823","1","8/16/2017 7:13:46 PM","14","6/3/2017 2:33:34 AM","-37.841102667188","144.92662254734","16133157","-4557003","png","6/3/2017 12:37:08 AM","iOS","iPhone8,1","A9C15DEC-6629-4D39-BAC7-5EFD97EDFAF4","","6","10","","1","8","11","0","0","0","http://www.eyeonwater.org/media/eyeonwater_upload/5823.png"
"5816","1","8/16/2017 7:13:46 PM","14","6/2/2017 1:40:26 PM","-37.820544121822","144.96241411208","16137142","-4554105","png","6/2/2017 12:49:15 AM","iOS","iPhone8,1","A9C15DEC-6629-4D39-BAC7-5EFD97EDFAF4","","4","0","","","9","19","0","0","0","http://www.eyeonwater.org/media/eyeonwater_upload/5816.png"
"5815","1","8/16/2017 7:13:46 PM","14","6/2/2017 1:40:22 PM","-37.820459716057","144.96232476099","16137132","-4554093","png","6/2/2017 12:47:05 AM","iOS","iPhone8,1","A9C15DEC-6629-4D39-BAC7-5EFD97EDFAF4","","11","10","","","9","17","0","0","0","http://www.eyeonwater.org/media/eyeonwater_upload/5815.png"
"5806","1","8/16/2017 7:13:46 PM","14","6/2/2017 12:17:17 AM","-37.840111674776","144.91872687838","16132278","-4556863","png","6/2/2017 12:07:47 AM","iOS","iPhone8,1","A9C15DEC-6629-4D39-BAC7-5EFD97EDFAF4","","11","10","","","16","0","0","0","0","http://www.eyeonwater.org/media/eyeonwater_upload/5806.png"
"5802","1","8/16/2017 7:13:46 PM","14","6/1/2017 10:43:47 AM","-37.84303980883","144.93306186064","16133874","-4557276","png","6/1/2017 9:24:17 AM","iOS","iPhone8,1","A9C15DEC-6629-4D39-BAC7-5EFD97EDFAF4","","6","0","","1","16","0","0","0","0","http://www.eyeonwater.org/media/eyeonwater_upload/5802.png"
"5801","1","8/16/2017 7:13:46 PM","14","6/1/2017 10:43:30 AM","-37.842690157739","144.93328129886","16133899","-4557226","png","6/1/2017 9:23:05 AM","iOS","iPhone8,1","A9C15DEC-6629-4D39-BAC7-5EFD97EDFAF4","","12","0","","1","12","18","0","0","0","http://www.eyeonwater.org/media/eyeonwater_upload/5801.png"
"5800","1","8/16/2017 7:13:46 PM","14","6/1/2017 10:43:17 AM","-37.842235146126","144.93097711368","16133642","-4557162","png","6/1/2017 9:16:31 AM","iOS","iPhone8,1","A9C15DEC-6629-4D39-BAC7-5EFD97EDFAF4","","8","0","","","9","9","0","0","0","http://www.eyeonwater.org/media/eyeonwater_upload/5800.png"
"5799","1","8/16/2017 7:13:46 PM","14","6/1/2017 10:43:11 AM","-37.841629092617","144.93144281222","16133694","-4557077","png","6/1/2017 9:14:30 AM","iOS","iPhone8,1","A9C15DEC-6629-4D39-BAC7-5EFD97EDFAF4","","8","0","","","8","12","0","0","0","http://www.eyeonwater.org/media/eyeonwater_upload/5799.png"
"5798","1","8/16/2017 7:13:46 PM","14","6/1/2017 10:43:06 AM","-37.840441335028","144.92747825584","16133253","-4556909","png","6/1/2017 9:09:18 AM","iOS","iPhone8,1","A9C15DEC-6629-4D39-BAC7-5EFD97EDFAF4","","13","0","","1","17","17","0","0","0","http://www.eyeonwater.org/media/eyeonwater_upload/5798.png"
"5797","1","8/16/2017 7:13:46 PM","14","6/1/2017 10:43:00 AM","-37.840495021118","144.92747548981","16133252","-4556917","png","6/1/2017 9:07:17 AM","iOS","iPhone8,1","A9C15DEC-6629-4D39-BAC7-5EFD97EDFAF4","","12","0","","","8","13","0","0","0","http://www.eyeonwater.org/media/eyeonwater_upload/5797.png"
"5796","1","8/16/2017 7:13:46 PM","14","6/1/2017 10:42:54 AM","-37.840700210107","144.92639849907","16133132","-4556946","png","6/1/2017 9:05:54 AM","iOS","iPhone8,1","A9C15DEC-6629-4D39-BAC7-5EFD97EDFAF4","","8","0","","","7","2","0","0","0","http://www.eyeonwater.org/media/eyeonwater_upload/5796.png"
"5795","1","8/16/2017 7:13:46 PM","14","6/1/2017 10:42:49 AM","-37.841036031058","144.92652908912","16133147","-4556993","png","6/1/2017 9:04:48 AM","iOS","iPhone8,1","A9C15DEC-6629-4D39-BAC7-5EFD97EDFAF4","","11","10","","1","6","6","0","0","0","http://www.eyeonwater.org/media/eyeonwater_upload/5795.png"
"5790","1","8/16/2017 7:13:46 PM","17","5/31/2017 9:11:05 AM","-37.845185073128","144.91546539603","16131915","-4557578","png","5/31/2017 8:09:58 AM","iOS","iPhone8,1","A9C15DEC-6629-4D39-BAC7-5EFD97EDFAF4","","13","10","1","","6","17","0","0","0","http://www.eyeonwater.org/media/eyeonwater_upload/5790.png"
"5789","1","8/16/2017 7:13:46 PM","17","5/31/2017 9:11:00 AM","-37.845924650354","144.91609881646","16131986","-4557682","png","5/31/2017 7:28:32 AM","iOS","iPhone8,1","A9C15DEC-6629-4D39-BAC7-5EFD97EDFAF4","","16","0","1","1","7","19","0","0","0","http://www.eyeonwater.org/media/eyeonwater_upload/5789.png"
"5788","1","8/16/2017 7:13:46 PM","17","5/31/2017 9:10:55 AM","-37.845138092561","144.91562104797","16131933","-4557572","png","5/31/2017 7:18:19 AM","iOS","iPhone8,1","A9C15DEC-6629-4D39-BAC7-5EFD97EDFAF4","","10","0","1","1","6","10","0","0","0","http://www.eyeonwater.org/media/eyeonwater_upload/5788.png"
"5787","1","8/16/2017 7:13:46 PM","17","5/31/2017 9:10:50 AM","-37.844373160077","144.91487137055","16131849","-4557464","png","5/31/2017 7:14:09 AM","iOS","iPhone8,1","A9C15DEC-6629-4D39-BAC7-5EFD97EDFAF4","","10","10","","1","6","10","0","0","0","http://www.eyeonwater.org/media/eyeonwater_upload/5787.png"
"5784","1","8/16/2017 7:13:46 PM","17","5/30/2017 1:05:01 AM","-37.820347482374","144.96395227513","16137313","-4554077","png","5/30/2017 1:04:04 AM","iOS","iPhone8,1","A9C15DEC-6629-4D39-BAC7-5EFD97EDFAF4","","14","10","1","","18","0","0","0","0","http://www.eyeonwater.org/media/eyeonwater_upload/5784.png"
"5747","1","8/16/2017 7:13:46 PM","27","5/16/2017 4:59:48 AM","-33.872986449892","151.20019812151","16831529","-4011759","png","5/16/2017 5:03:25 AM","iOS","iPhone7,2","A9366046-54DD-4E3D-A785-5F63375457BA","35","3","10","","","7","0","0","0","0","http://www.eyeonwater.org/media/eyeonwater_upload/5747.png"
"5683","1","8/16/2017 7:13:46 PM","32","4/28/2017 2:22:08 AM","-36.098640617017","147.05170565298","16369720","-4314202","png","4/28/2017 2:25:03 AM","iOS","iPhone5,2","89500798-F03E-4D5B-81F7-609608B80081","","1","10","","","16","0","16","1.25","0","http://www.eyeonwater.org/media/eyeonwater_upload/5683.png"
"5681","1","8/16/2017 7:13:46 PM","32","4/28/2017 12:43:55 AM","-36.009675767306","147.09072818993","16374064","-4301952","png","4/28/2017 12:46:45 AM","iOS","iPhone5,2","89500798-F03E-4D5B-81F7-609608B80081","","1","10","","","17","0","18","1.25","0","http://www.eyeonwater.org/media/eyeonwater_upload/5681.png"
"5676","1","8/16/2017 7:13:46 PM","32","4/27/2017 5:48:15 AM","-36.110384166274","147.03533864594","16367899","-4315820","png","4/27/2017 5:50:49 AM","iOS","iPhone5,2","89500798-F03E-4D5B-81F7-609608B80081","","0","10","","","16","0","17","2.05","0","http://www.eyeonwater.org/media/eyeonwater_upload/5676.png"
"5675","1","8/16/2017 7:13:46 PM","32","4/27/2017 5:48:09 AM","-36.128297424909","147.03977158307","16368392","-4318289","png","4/27/2017 3:47:41 AM","iOS","iPhone5,2","89500798-F03E-4D5B-81F7-609608B80081","","3","10","","","16","15","18","2.2","0","http://www.eyeonwater.org/media/eyeonwater_upload/5675.png"
"5674","1","8/16/2017 7:13:46 PM","32","4/27/2017 2:14:25 AM","-36.204145308618","147.07859396017","16372714","-4328747","png","4/27/2017 2:17:18 AM","iOS","iPhone5,2","89500798-F03E-4D5B-81F7-609608B80081","","0","10","","","17","0","17","2.1","0","http://www.eyeonwater.org/media/eyeonwater_upload/5674.png"
"5568","1","8/16/2017 7:13:46 PM","41","3/29/2017 5:12:36 AM","-36.098799789358","147.05207060105","16369761","-4314224","png","3/29/2017 5:14:32 AM","iOS","iPhone5,2","89500798-F03E-4D5B-81F7-609608B80081","","11","10","","","17","15","16","1.85","0","http://www.eyeonwater.org/media/eyeonwater_upload/5568.png"
"5567","1","8/16/2017 7:13:46 PM","41","3/29/2017 3:47:10 AM","-36.008683098514","147.09095609388","16374090","-4301816","png","3/29/2017 3:49:53 AM","iOS","iPhone5,2","89500798-F03E-4D5B-81F7-609608B80081","","11","10","","","17","15","17","0","0","http://www.eyeonwater.org/media/eyeonwater_upload/5567.png"
"5566","1","8/16/2017 7:13:46 PM","41","3/29/2017 1:59:05 AM","-36.127760186825","147.04019570737","16368439","-4318215","png","3/29/2017 2:01:34 AM","iOS","iPhone5,2","89500798-F03E-4D5B-81F7-609608B80081","","11","10","","","17","0","15","2.1","0","http://www.eyeonwater.org/media/eyeonwater_upload/5566.png"
"5565","1","8/16/2017 7:13:46 PM","41","3/29/2017 1:04:05 AM","-36.204334571991","147.07762450925","16372606","-4328774","png","3/29/2017 1:06:46 AM","iOS","iPhone5,2","89500798-F03E-4D5B-81F7-609608B80081","","11","10","","","17","16","12","0","0","http://www.eyeonwater.org/media/eyeonwater_upload/5565.png"
"5478","1","8/16/2017 7:13:46 PM","53","3/1/2017 1:36:18 AM","-36.127934320863","147.04006620696","16368425","-4318239","png","3/1/2017 1:35:41 AM","iOS","iPhone5,2","89500798-F03E-4D5B-81F7-609608B80081","","6","10","","","17","0","17","1.65","0","http://www.eyeonwater.org/media/eyeonwater_upload/5478.png"
"5258","1","8/16/2017 7:13:46 PM","64","12/13/2016 2:10:57 AM","-27.536487006608","152.9724245613","17028812","-3190660","png","12/13/2016 2:13:19 AM","iOS","iPhone7,2","A9366046-54DD-4E3D-A785-5F63375457BA","35","0","0","","","18","0","0","0","0","http://www.eyeonwater.org/media/eyeonwater_upload/5258.png"
"5257","1","8/16/2017 7:13:46 PM","64","12/13/2016 2:10:21 AM","-27.536487006608","152.9724245613","17028812","-3190660","png","12/13/2016 2:12:16 AM","iOS","iPhone7,2","A9366046-54DD-4E3D-A785-5F63375457BA","35","0","10","","","18","17","0","0","0","http://www.eyeonwater.org/media/eyeonwater_upload/5257.png"
"5256","1","8/16/2017 7:13:46 PM","64","12/13/2016 2:10:19 AM","-27.489461893301","152.99629489953","17031469","-3184757","png","10/2/2016 3:14:25 AM","iOS","iPhone7,2","A9366046-54DD-4E3D-A785-5F63375457BA","35","6","0","","","18","17","0","0","0","http://www.eyeonwater.org/media/eyeonwater_upload/5256.png"
"4957","1","8/16/2017 7:13:46 PM","85","10/2/2016 3:12:52 AM","-27.489461893301","152.99629489953","17031469","-3184757","png","10/2/2016 3:14:25 AM","iOS","iPhone7,2","A9366046-54DD-4E3D-A785-5F63375457BA","35","6","0","","","18","0","0","0","0","http://www.eyeonwater.org/media/eyeonwater_upload/4957.png"
"4956","1","8/16/2017 7:13:46 PM","85","10/2/2016 3:12:13 AM","-27.489461893301","152.99629489953","17031469","-3184757","png","10/2/2016 3:13:37 AM","iOS","iPhone7,2","A9366046-54DD-4E3D-A785-5F63375457BA","35","6","0","","","19","17","0","0","0","http://www.eyeonwater.org/media/eyeonwater_upload/4956.png"
"4955","1","8/16/2017 7:13:46 PM","85","10/2/2016 3:11:29 AM","-27.489461893301","152.99629489953","17031469","-3184757","png","10/2/2016 3:12:40 AM","iOS","iPhone7,2","A9366046-54DD-4E3D-A785-5F63375457BA","35","6","10","","","18","16","0","0","0","http://www.eyeonwater.org/media/eyeonwater_upload/4955.png"
"4954","1","8/16/2017 7:13:46 PM","85","10/2/2016 3:11:28 AM","-27.453062425229","153.18942226106","17052968","-3180190","png","9/28/2016 4:41:28 AM","iOS","iPhone7,2","A9366046-54DD-4E3D-A785-5F63375457BA","35","9","10","","","7","7","0","0","0","http://www.eyeonwater.org/media/eyeonwater_upload/4954.png"
"4871","1","8/16/2017 7:13:46 PM","87","9/28/2016 4:40:15 AM","-27.492449115987","153.43049741364","17079804","-3185132","png","8/28/2016 6:45:27 AM","iOS","iPhone7,2","A9366046-54DD-4E3D-A785-5F63375457BA","35","3","10","","1","18","19","0","0","0","http://www.eyeonwater.org/media/eyeonwater_upload/4871.png"
"4870","1","8/16/2017 7:13:46 PM","87","9/28/2016 4:40:13 AM","-27.49309548645","153.40271173991","17076711","-3185213","png","8/27/2016 6:29:45 AM","iOS","iPhone7,2","A9366046-54DD-4E3D-A785-5F63375457BA","35","0","10","","","6","8","0","0","0","http://www.eyeonwater.org/media/eyeonwater_upload/4870.png"
"4060","1","8/16/2017 7:13:46 PM","118","8/28/2016 6:45:09 AM","-27.49309548645","153.40271173991","17076711","-3185213","png","8/27/2016 6:29:45 AM","iOS","iPhone7,2","A9366046-54DD-4E3D-A785-5F63375457BA","35","0","10","","","6","0","0","0","0","http://www.eyeonwater.org/media/eyeonwater_upload/4060.png"
"4055","1","8/16/2017 7:13:46 PM","118","8/27/2016 6:29:03 AM","-27.49309548645","153.40271173991","17076711","-3185213","png","8/27/2016 6:29:45 AM","iOS","iPhone7,2","A9366046-54DD-4E3D-A785-5F63375457BA","35","0","10","","","6","8","0","0","0","http://www.eyeonwater.org/media/eyeonwater_upload/4055.png"
"4053","1","8/16/2017 7:13:46 PM","118","8/27/2016 1:48:16 AM","-27.401599846806","153.43720628894","17080551","-3173736","png","8/27/2016 1:48:57 AM","iOS","iPhone7,2","A9366046-54DD-4E3D-A785-5F63375457BA","35","0","0","","","6","6","0","0","0","http://www.eyeonwater.org/media/eyeonwater_upload/4053.png"
"4052","1","8/16/2017 7:13:46 PM","118","8/27/2016 1:47:17 AM","-27.401599846806","153.43720628894","17080551","-3173736","png","8/27/2016 1:45:50 AM","iOS","iPhone7,2","A9366046-54DD-4E3D-A785-5F63375457BA","35","10","10","","","7","7","0","0","0","http://www.eyeonwater.org/media/eyeonwater_upload/4052.png"
"4051","1","8/16/2017 7:13:46 PM","118","8/27/2016 1:45:04 AM","-28.188776308697","153.27107906356","17062058","-3272795","png","7/30/2016 5:17:27 AM","iOS","iPhone7,2","A9366046-54DD-4E3D-A785-5F63375457BA","35","3","10","","1","16","15","0","0","0","http://www.eyeonwater.org/media/eyeonwater_upload/4051.png"
"3372","1","8/16/2017 7:13:46 PM","193","5/13/2016 6:03:22 AM","-27.488001159365","152.99517079776","17031344","-3184574","png","5/13/2016 6:03:22 AM","iOS","iPhone7,2","A9366046-54DD-4E3D-A785-5F63375457BA","35","7","0","","","16","16","0","0","0","http://www.eyeonwater.org/media/eyeonwater_upload/3372.png"
"3371","1","8/16/2017 7:13:46 PM","193","5/13/2016 6:02:55 AM","-27.488141697857","152.9960895238","17031446","-3184592","png","5/13/2016 6:03:23 AM","iOS","iPhone8,1","C8037E52-22E7-404F-9DDC-37BB86986DB5","41","8","0","","","16","16","0","0","0","http://www.eyeonwater.org/media/eyeonwater_upload/3371.png"
"3370","1","8/16/2017 7:13:46 PM","193","5/13/2016 6:02:38 AM","-27.488141697857","152.9960895238","17031446","-3184592","png","5/13/2016 6:02:57 AM","iOS","iPhone8,1","C8037E52-22E7-404F-9DDC-37BB86986DB5","41","15","0","","","15","16","0","0","0","http://www.eyeonwater.org/media/eyeonwater_upload/3370.png"
"3369","1","8/16/2017 7:13:46 PM","193","5/13/2016 6:02:25 AM","-27.488001159365","152.99517079776","17031344","-3184574","png","5/13/2016 6:02:13 AM","iOS","iPhone7,2","A9366046-54DD-4E3D-A785-5F63375457BA","35","8","10","","","16","16","0","0","0","http://www.eyeonwater.org/media/eyeonwater_upload/3369.png"
"3368","1","8/16/2017 7:13:46 PM","193","5/13/2016 6:02:11 AM","-27.488141697857","152.9960895238","17031446","-3184592","png","5/13/2016 6:02:34 AM","iOS","iPhone8,1","C8037E52-22E7-404F-9DDC-37BB86986DB5","41","9","10","","","17","17","0","0","0","http://www.eyeonwater.org/media/eyeonwater_upload/3368.png"
"3327","1","8/16/2017 7:13:46 PM","196","5/6/2016 3:45:03 AM","-27.4998395","153.0123654","17033258","-3186060","png","5/6/2016 3:45:19 AM","Android","D5833","7394cd07c5f44b87","","0","10","","","2","21","0","0","0","http://www.eyeonwater.org/media/eyeonwater_upload/3327.png"
"3247","1","8/16/2017 7:13:46 PM","201","4/29/2016 2:05:54 AM","-27.5432032","153.0672661","17039370","-3191503","png","4/29/2016 2:10:32 AM","Android","GT-I9305T","43908e7a74c7b331","","2","0","","","1","1","0","0","0","http://www.eyeonwater.org/media/eyeonwater_upload/3247.png"
"3246","1","8/16/2017 7:13:46 PM","201","4/29/2016 2:04:29 AM","-27.540511698513","153.06175913582","17038757","-3191165","png","4/29/2016 2:04:36 AM","iOS","iPhone7,1","21F6F92F-D212-4CD3-80CA-35997F444F51","","1","0","","","21","21","0","0","0","http://www.eyeonwater.org/media/eyeonwater_upload/3246.png"
"3245","1","8/16/2017 7:13:46 PM","201","4/29/2016 2:03:52 AM","-27.5432032","153.0672661","17039370","-3191503","png","4/29/2016 2:08:38 AM","Android","GT-I9305T","43908e7a74c7b331","","2","0","","","7","1","0","0","0","http://www.eyeonwater.org/media/eyeonwater_upload/3245.png"
"3244","1","8/16/2017 7:13:46 PM","201","4/29/2016 2:03:21 AM","-27.540511698513","153.06175913582","17038757","-3191165","png","4/29/2016 2:03:40 AM","iOS","iPhone7,1","21F6F92F-D212-4CD3-80CA-35997F444F51","","2","0","","","11","19","0","0","0","http://www.eyeonwater.org/media/eyeonwater_upload/3244.png"
"3242","1","8/16/2017 7:13:46 PM","201","4/29/2016 2:01:54 AM","-27.5432032","153.0672661","17039370","-3191503","png","4/29/2016 2:04:22 AM","Android","GT-I9305T","43908e7a74c7b331","","7","10","","","21","14","0","0","0","http://www.eyeonwater.org/media/eyeonwater_upload/3242.png"
"3241","1","8/16/2017 7:13:46 PM","201","4/29/2016 2:01:25 AM","-27.546044058858","153.06690175489","17039329","-3191859","png","4/29/2016 1:59:44 AM","iOS","iPhone8,1","4AF01229-3D28-4D5B-B67B-88AC68D86701","","0","10","","","13","17","0","0","0","http://www.eyeonwater.org/media/eyeonwater_upload/3241.png"
"3106","1","8/16/2017 7:13:46 PM","209","4/19/2016 7:49:30 AM","-26.775538760959","153.00050302998","17031938","-3095456","png","3/24/2016 5:56:31 AM","iOS","iPhone8,1","C8037E52-22E7-404F-9DDC-37BB86986DB5","41","2","0","","","17","16","0","0","0","http://www.eyeonwater.org/media/eyeonwater_upload/3106.png"
"3091","1","8/16/2017 7:13:46 PM","210","4/13/2016 12:48:12 PM","-28.140540157015","153.47980875464","17085294","-3266704","png","4/13/2016 12:48:08 PM","iOS","iPhone8,1","4AF01229-3D28-4D5B-B67B-88AC68D86701","","2","10","","","19","18","0","0","0","http://www.eyeonwater.org/media/eyeonwater_upload/3091.png"
"3079","1","8/16/2017 7:13:46 PM","210","4/10/2016 8:01:25 AM","-27.780105513546","153.36748008631","17072789","-3221278","png","4/10/2016 8:00:54 AM","iOS","iPhone8,1","4AF01229-3D28-4D5B-B67B-88AC68D86701","","-6","10","","","17","18","0","0","0","http://www.eyeonwater.org/media/eyeonwater_upload/3079.png"
"3078","1","8/16/2017 7:13:46 PM","210","4/10/2016 7:53:40 AM","-27.783045256536","153.390222788","17075321","-3221648","png","4/10/2016 7:52:56 AM","iOS","iPhone8,1","4AF01229-3D28-4D5B-B67B-88AC68D86701","","0","10","","","17","21","0","0","0","http://www.eyeonwater.org/media/eyeonwater_upload/3078.png"
"3077","1","8/16/2017 7:13:46 PM","210","4/10/2016 7:47:28 AM","-27.780676214987","153.36046711197","17072009","-3221350","png","4/10/2016 7:47:04 AM","iOS","iPhone8,1","4AF01229-3D28-4D5B-B67B-88AC68D86701","","6","10","","","17","18","0","0","0","http://www.eyeonwater.org/media/eyeonwater_upload/3077.png"
"3076","1","8/16/2017 7:13:46 PM","210","4/10/2016 7:24:01 AM","-27.750838003147","153.43938373975","17080794","-3217596","png","4/10/2016 7:23:08 AM","iOS","iPhone8,1","4AF01229-3D28-4D5B-B67B-88AC68D86701","","0","10","","","14","13","0","0","0","http://www.eyeonwater.org/media/eyeonwater_upload/3076.png"
"3075","1","8/16/2017 7:13:46 PM","210","4/10/2016 4:20:47 AM","-27.77386289","153.43430961","17080229","-3220492","png","4/10/2016 4:18:59 AM","iOS","iPhone8,1","4AF01229-3D28-4D5B-B67B-88AC68D86701","","15","10","","1","12","13","0","0","0","http://www.eyeonwater.org/media/eyeonwater_upload/3075.png"
"3070","1","8/16/2017 7:13:46 PM","212","4/7/2016 1:53:02 PM","-26.70924995097","152.86998898736","17017409","-3087193","png","3/24/2016 3:37:08 AM","iOS","iPhone7,2","A9366046-54DD-4E3D-A785-5F63375457BA","35","5","10","","","10","11","0","0","0","http://www.eyeonwater.org/media/eyeonwater_upload/3070.png"
"3069","1","8/16/2017 7:13:46 PM","214","4/5/2016 6:06:50 AM","-27.9925464839","153.42387386612","17079067","-3248034","png","4/3/2016 3:32:02 AM","iOS","iPhone8,1","4AF01229-3D28-4D5B-B67B-88AC68D86701","","16","10","","1","5","16","0","0","1","http://www.eyeonwater.org/media/eyeonwater_upload/3069.png"
"3067","1","8/16/2017 7:13:46 PM","215","4/3/2016 3:33:15 AM","-27.9925464839","153.42387386612","17079067","-3248034","png","4/3/2016 3:32:02 AM","iOS","iPhone8,1","4AF01229-3D28-4D5B-B67B-88AC68D86701","","16","10","","1","5","16","0","0","1","http://www.eyeonwater.org/media/eyeonwater_upload/3067.png"
"3063","1","8/16/2017 7:13:46 PM","214","3/31/2016 10:50:39 AM","-27.465186751307","153.00250129186","17032160","-3181711","png","3/31/2016 10:51:32 AM","iOS","iPhone5,4","555E8666-90F2-492D-AE78-010F89EB92F0","","2","10","","","19","19","0","0","0","http://www.eyeonwater.org/media/eyeonwater_upload/3063.png"
"3057","1","8/16/2017 7:13:46 PM","215","3/30/2016 7:06:51 AM","-27.464152147313","153.02711193988","17034900","-3181582","png","3/30/2016 7:07:47 AM","iOS","iPhone5,4","555E8666-90F2-492D-AE78-010F89EB92F0","","0","10","","","3","21","0","0","0","http://www.eyeonwater.org/media/eyeonwater_upload/3057.png"
"3055","1","8/16/2017 7:13:46 PM","215","3/30/2016 3:13:27 AM","-27.4638084","153.0275134","17034944","-3181538","png","3/30/2016 3:13:19 AM","Android","HUAWEI G6-L22","11876ef78f336388","","4","0","","","17","15","0","0","0","http://www.eyeonwater.org/media/eyeonwater_upload/3055.png"
"3054","1","8/16/2017 7:13:46 PM","215","3/30/2016 3:10:40 AM","-27.468054874743","153.0300341585","17035225","-3182071","png","3/30/2016 3:11:31 AM","iOS","iPhone5,4","555E8666-90F2-492D-AE78-010F89EB92F0","","2","10","","","6","13","0","0","0","http://www.eyeonwater.org/media/eyeonwater_upload/3054.png"
"3053","1","8/16/2017 7:13:46 PM","215","3/30/2016 3:10:35 AM","-27.4638084","153.0275134","17034944","-3181538","png","3/30/2016 3:10:04 AM","Android","HUAWEI G6-L22","11876ef78f336388","","7","10","","","2","11","0","0","0","http://www.eyeonwater.org/media/eyeonwater_upload/3053.png"
"3050","1","8/16/2017 7:13:46 PM","215","3/28/2016 12:58:11 AM","-28.564021284833","153.56899347533","17095222","-3320271","png","3/28/2016 12:57:02 AM","iOS","iPhone8,1","4AF01229-3D28-4D5B-B67B-88AC68D86701","","8","10","1","1","21","17","0","0","0","http://www.eyeonwater.org/media/eyeonwater_upload/3050.png"
"3041","1","8/16/2017 7:13:46 PM","215","3/24/2016 5:56:41 AM","-26.775538760959","153.00050302998","17031938","-3095456","png","3/24/2016 5:56:31 AM","iOS","iPhone8,1","C8037E52-22E7-404F-9DDC-37BB86986DB5","41","2","0","","","17","16","0","0","0","http://www.eyeonwater.org/media/eyeonwater_upload/3041.png"
"3040","1","8/16/2017 7:13:46 PM","215","3/24/2016 5:55:30 AM","-26.775538760959","153.00050302998","17031938","-3095456","png","3/24/2016 5:55:16 AM","iOS","iPhone8,1","C8037E52-22E7-404F-9DDC-37BB86986DB5","41","2","0","","","17","15","0","0","0","http://www.eyeonwater.org/media/eyeonwater_upload/3040.png"
"3039","1","8/16/2017 7:13:46 PM","215","3/24/2016 5:54:57 AM","-26.775538760959","153.00050302998","17031938","-3095456","png","3/24/2016 5:54:28 AM","iOS","iPhone8,1","C8037E52-22E7-404F-9DDC-37BB86986DB5","41","-6","10","","","17","15","0","0","0","http://www.eyeonwater.org/media/eyeonwater_upload/3039.png"
"3038","1","8/16/2017 7:13:46 PM","215","3/24/2016 5:12:32 AM","-26.797971335478","152.96743419285","17028256","-3098253","png","3/24/2016 5:12:33 AM","iOS","iPhone8,1","C8037E52-22E7-404F-9DDC-37BB86986DB5","41","-5","0","","","16","16","0","0","0","http://www.eyeonwater.org/media/eyeonwater_upload/3038.png"
"3037","1","8/16/2017 7:13:46 PM","215","3/24/2016 5:12:16 AM","-26.797971335478","152.96743419285","17028256","-3098253","png","3/24/2016 5:12:08 AM","iOS","iPhone8,1","C8037E52-22E7-404F-9DDC-37BB86986DB5","41","-7","0","","","16","15","0","0","0","http://www.eyeonwater.org/media/eyeonwater_upload/3037.png"
"3036","1","8/16/2017 7:13:46 PM","215","3/24/2016 5:11:38 AM","-26.797971335478","152.96743419285","17028256","-3098253","png","3/24/2016 5:10:42 AM","iOS","iPhone8,1","C8037E52-22E7-404F-9DDC-37BB86986DB5","41","-10","10","","","16","15","0","0","0","http://www.eyeonwater.org/media/eyeonwater_upload/3036.png"
"3035","1","8/16/2017 7:13:46 PM","215","3/24/2016 3:38:22 AM","-26.709300032842","152.86994908951","17017404","-3087199","png","3/24/2016 3:38:20 AM","iOS","iPhone8,1","C8037E52-22E7-404F-9DDC-37BB86986DB5","41","-6","0","","","9","11","0","0","0","http://www.eyeonwater.org/media/eyeonwater_upload/3035.png"
"3034","1","8/16/2017 7:13:46 PM","215","3/24/2016 3:38:09 AM","-26.70924995097","152.86998898736","17017409","-3087193","png","3/24/2016 3:37:08 AM","iOS","iPhone7,2","A9366046-54DD-4E3D-A785-5F63375457BA","35","5","10","","","10","11","0","0","0","http://www.eyeonwater.org/media/eyeonwater_upload/3034.png"
"3033","1","8/16/2017 7:13:46 PM","215","3/24/2016 3:38:03 AM","-26.709300032842","152.86994908951","17017404","-3087199","png","3/24/2016 3:37:00 AM","iOS","iPhone8,1","C8037E52-22E7-404F-9DDC-37BB86986DB5","41","-7","10","","","10","12","0","0","0","http://www.eyeonwater.org/media/eyeonwater_upload/3033.png"
"3032","1","8/16/2017 7:13:46 PM","215","3/24/2016 3:12:35 AM","-26.693852730322","152.93008336848","17024099","-3085274","png","3/24/2016 3:12:23 AM","iOS","iPhone8,1","C8037E52-22E7-404F-9DDC-37BB86986DB5","41","-2","0","","","12","12","0","0","0","http://www.eyeonwater.org/media/eyeonwater_upload/3032.png"
"3031","1","8/16/2017 7:13:46 PM","215","3/24/2016 3:11:59 AM","-26.693852730322","152.93008336848","17024099","-3085274","png","3/24/2016 3:11:44 AM","iOS","iPhone8,1","C8037E52-22E7-404F-9DDC-37BB86986DB5","41","-2","0","","","12","11","0","0","0","http://www.eyeonwater.org/media/eyeonwater_upload/3031.png"
"3030","1","8/16/2017 7:13:46 PM","215","3/24/2016 3:10:40 AM","-26.693852730322","152.93008336848","17024099","-3085274","png","3/24/2016 3:09:31 AM","iOS","iPhone8,1","C8037E52-22E7-404F-9DDC-37BB86986DB5","41","-2","10","","","11","12","0","0","0","http://www.eyeonwater.org/media/eyeonwater_upload/3030.png"
"3029","1","8/16/2017 7:13:46 PM","215","3/24/2016 3:10:38 AM","-26.513293418127","152.57896754905","16985012","-3062794","png","3/24/2016 12:46:52 AM","iOS","iPhone8,1","C8037E52-22E7-404F-9DDC-37BB86986DB5","41","-3","0","","","15","14","0","0","0","http://www.eyeonwater.org/media/eyeonwater_upload/3029.png"
"3028","1","8/16/2017 7:13:46 PM","215","3/24/2016 3:10:37 AM","-26.513293418127","152.57896754905","16985012","-3062794","png","3/24/2016 12:45:47 AM","iOS","iPhone8,1","C8037E52-22E7-404F-9DDC-37BB86986DB5","41","-6","0","","","15","14","0","0","0","http://www.eyeonwater.org/media/eyeonwater_upload/3028.png"
"3027","1","8/16/2017 7:13:46 PM","215","3/24/2016 3:10:36 AM","-26.513293418127","152.57896754905","16985012","-3062794","png","3/24/2016 12:44:43 AM","iOS","iPhone8,1","C8037E52-22E7-404F-9DDC-37BB86986DB5","41","-11","10","","","15","14","0","0","0","http://www.eyeonwater.org/media/eyeonwater_upload/3027.png"
"3026","1","8/16/2017 7:13:46 PM","215","3/24/2016 3:10:35 AM","-27.085353239946","152.56833779926","16983829","-3134139","png","3/22/2016 2:44:51 AM","iOS","iPhone8,1","C8037E52-22E7-404F-9DDC-37BB86986DB5","41","-5","0","","","12","12","0","0","0","http://www.eyeonwater.org/media/eyeonwater_upload/3026.png"
"3025","1","8/16/2017 7:13:46 PM","215","3/24/2016 3:10:34 AM","-27.085353239946","152.56833779926","16983829","-3134139","png","3/22/2016 2:44:19 AM","iOS","iPhone8,1","C8037E52-22E7-404F-9DDC-37BB86986DB5","41","-5","0","","","12","13","0","0","0","http://www.eyeonwater.org/media/eyeonwater_upload/3025.png"
"3024","1","8/16/2017 7:13:46 PM","215","3/24/2016 3:10:33 AM","-27.085353239946","152.56833779926","16983829","-3134139","png","3/22/2016 2:43:37 AM","iOS","iPhone8,1","C8037E52-22E7-404F-9DDC-37BB86986DB5","41","-4","10","","","13","13","0","0","0","http://www.eyeonwater.org/media/eyeonwater_upload/3024.png"
"3023","1","8/16/2017 7:13:46 PM","215","3/24/2016 3:10:31 AM","-27.333774659808","152.55110082231","16981910","-3165234","png","3/22/2016 12:47:51 AM","iOS","iPhone8,1","C8037E52-22E7-404F-9DDC-37BB86986DB5","41","7","0","","","10","11","0","0","0","http://www.eyeonwater.org/media/eyeonwater_upload/3023.png"
"3022","1","8/16/2017 7:13:46 PM","215","3/24/2016 3:10:30 AM","-27.333774659808","152.55110082231","16981910","-3165234","png","3/22/2016 12:47:11 AM","iOS","iPhone8,1","C8037E52-22E7-404F-9DDC-37BB86986DB5","41","-5","0","","","13","13","0","0","0","http://www.eyeonwater.org/media/eyeonwater_upload/3022.png"
"3021","1","8/16/2017 7:13:46 PM","215","3/24/2016 3:10:29 AM","-27.333774659808","152.55110082231","16981910","-3165234","png","3/22/2016 12:46:02 AM","iOS","iPhone8,1","C8037E52-22E7-404F-9DDC-37BB86986DB5","41","-6","10","","","13","12","0","0","0","http://www.eyeonwater.org/media/eyeonwater_upload/3021.png"
"3018","1","8/16/2017 7:13:46 PM","215","3/22/2016 12:50:33 AM","-27.345669795784","152.54317045226","16981028","-3166725","png","3/22/2016 12:05:27 AM","iOS","iPhone8,1","C8037E52-22E7-404F-9DDC-37BB86986DB5","41","-6","0","","","10","12","0","0","0","http://www.eyeonwater.org/media/eyeonwater_upload/3018.png"
"3017","1","8/16/2017 7:13:46 PM","215","3/22/2016 12:49:27 AM","-27.345669795784","152.54317045226","16981028","-3166725","png","3/22/2016 12:05:01 AM","iOS","iPhone8,1","C8037E52-22E7-404F-9DDC-37BB86986DB5","41","-8","0","","","10","9","0","0","0","http://www.eyeonwater.org/media/eyeonwater_upload/3017.png"
"3016","1","8/16/2017 7:13:46 PM","215","3/22/2016 12:48:06 AM","-27.345669795784","152.54317045226","16981028","-3166725","png","3/22/2016 12:04:12 AM","iOS","iPhone8,1","C8037E52-22E7-404F-9DDC-37BB86986DB5","41","-6","10","","","10","10","0","0","0","http://www.eyeonwater.org/media/eyeonwater_upload/3016.png"
"2990","1","8/16/2017 7:13:46 PM","224","3/8/2016 3:59:03 AM","-27.487970581304","152.9961397314","17031452","-3184570","png","3/8/2016 3:59:07 AM","iOS","iPhone7,2","A9366046-54DD-4E3D-A785-5F63375457BA","35","-13","0","","","18","18","0","0.17","0","http://www.eyeonwater.org/media/eyeonwater_upload/2990.png"
"2989","1","8/16/2017 7:13:46 PM","224","3/8/2016 3:58:31 AM","-27.487970581304","152.9961397314","17031452","-3184570","png","3/8/2016 3:58:28 AM","iOS","iPhone7,2","A9366046-54DD-4E3D-A785-5F63375457BA","35","-13","0","","","18","17","0","0.17","0","http://www.eyeonwater.org/media/eyeonwater_upload/2989.png"
"2988","1","8/16/2017 7:13:46 PM","224","3/8/2016 3:57:37 AM","-27.487970581304","152.9961397314","17031452","-3184570","png","3/8/2016 3:57:22 AM","iOS","iPhone7,2","A9366046-54DD-4E3D-A785-5F63375457BA","35","2","10","","","18","18","0","0.17","0","http://www.eyeonwater.org/media/eyeonwater_upload/2988.png"
"2987","1","8/16/2017 7:13:46 PM","224","3/8/2016 3:39:03 AM","-27.486555852968","152.99351732349","17031160","-3184393","png","3/8/2016 3:39:19 AM","iOS","iPhone8,1","C8037E52-22E7-404F-9DDC-37BB86986DB5","41","8","0","","","18","17","0","0","0","http://www.eyeonwater.org/media/eyeonwater_upload/2987.png"
"2986","1","8/16/2017 7:13:46 PM","224","3/8/2016 3:38:27 AM","-27.486555852968","152.99351732349","17031160","-3184393","png","3/8/2016 3:38:30 AM","iOS","iPhone8,1","C8037E52-22E7-404F-9DDC-37BB86986DB5","41","2","10","","","18","18","0","0","0","http://www.eyeonwater.org/media/eyeonwater_upload/2986.png"
"2985","1","8/16/2017 7:13:46 PM","224","3/8/2016 1:59:19 AM","-27.31955019294","153.06788488305","17039438","-3163452","png","3/8/2016 1:59:40 AM","iOS","iPhone7,2","A9366046-54DD-4E3D-A785-5F63375457BA","35","0","0","","","13","13","0","0","0","http://www.eyeonwater.org/media/eyeonwater_upload/2985.png"
"2984","1","8/16/2017 7:13:46 PM","224","3/8/2016 1:58:54 AM","-27.31955019294","153.06788488305","17039438","-3163452","png","3/8/2016 1:59:19 AM","iOS","iPhone7,2","A9366046-54DD-4E3D-A785-5F63375457BA","35","0","0","","","13","13","0","0","0","http://www.eyeonwater.org/media/eyeonwater_upload/2984.png"
"2983","1","8/16/2017 7:13:46 PM","224","3/8/2016 1:58:22 AM","-27.31955019294","153.06788488305","17039438","-3163452","png","3/8/2016 1:57:39 AM","iOS","iPhone7,2","A9366046-54DD-4E3D-A785-5F63375457BA","35","0","10","","","13","14","0","0","0","http://www.eyeonwater.org/media/eyeonwater_upload/2983.png"
"2982","1","8/16/2017 7:13:46 PM","224","3/8/2016 1:56:04 AM","-27.319542691137","153.06799971513","17039451","-3163451","png","3/8/2016 1:55:25 AM","iOS","iPhone8,1","C8037E52-22E7-404F-9DDC-37BB86986DB5","41","3","10","","","11","12","0","0","0","http://www.eyeonwater.org/media/eyeonwater_upload/2982.png"
"2981","1","8/16/2017 7:13:46 PM","224","3/8/2016 1:56:03 AM","-32.334854579561","151.28056925736","16840475","-3807346","png","3/3/2016 6:01:48 AM","iOS","iPhone8,1","C8037E52-22E7-404F-9DDC-37BB86986DB5","41","1","0","","","8","9","0","0","0","http://www.eyeonwater.org/media/eyeonwater_upload/2981.png"
"2980","1","8/16/2017 7:13:46 PM","224","3/8/2016 1:56:03 AM","-32.334854579561","151.28056925736","16840475","-3807346","png","3/3/2016 6:01:19 AM","iOS","iPhone8,1","C8037E52-22E7-404F-9DDC-37BB86986DB5","41","-1","0","","","9","10","0","0","0","http://www.eyeonwater.org/media/eyeonwater_upload/2980.png"
"2979","1","8/16/2017 7:13:46 PM","224","3/8/2016 1:56:02 AM","-32.334854579561","151.28056925736","16840475","-3807346","png","3/3/2016 6:00:34 AM","iOS","iPhone8,1","C8037E52-22E7-404F-9DDC-37BB86986DB5","41","-2","10","","","9","10","0","0","0","http://www.eyeonwater.org/media/eyeonwater_upload/2979.png"
"2978","1","8/16/2017 7:13:46 PM","223","3/8/2016 1:56:01 AM","-32.325620320656","151.28546797685","16841021","-3806129","png","3/3/2016 5:15:05 AM","iOS","iPhone8,1","C8037E52-22E7-404F-9DDC-37BB86986DB5","41","-3","0","","","8","10","0","0","0","http://www.eyeonwater.org/media/eyeonwater_upload/2978.png"
"2977","1","8/16/2017 7:13:46 PM","223","3/8/2016 1:56:00 AM","-32.325620320656","151.28546797685","16841021","-3806129","png","3/3/2016 5:14:32 AM","iOS","iPhone8,1","C8037E52-22E7-404F-9DDC-37BB86986DB5","41","-3","0","","","8","9","0","0","0","http://www.eyeonwater.org/media/eyeonwater_upload/2977.png"
"2976","1","8/16/2017 7:13:46 PM","223","3/8/2016 1:56:00 AM","-32.325620320656","151.28546797685","16841021","-3806129","png","3/3/2016 5:13:57 AM","iOS","iPhone8,1","C8037E52-22E7-404F-9DDC-37BB86986DB5","41","1","0","","","8","9","0","0","0","http://www.eyeonwater.org/media/eyeonwater_upload/2976.png"
"2975","1","8/16/2017 7:13:46 PM","223","3/8/2016 1:55:59 AM","-32.325620320656","151.28546797685","16841021","-3806129","png","3/3/2016 5:13:30 AM","iOS","iPhone8,1","C8037E52-22E7-404F-9DDC-37BB86986DB5","41","0","10","","","7","9","0","0","0","http://www.eyeonwater.org/media/eyeonwater_upload/2975.png"
"2974","1","8/16/2017 7:13:46 PM","223","3/8/2016 1:55:58 AM","-32.33621286697","151.26772524803","16839046","-3807525","png","3/3/2016 3:59:30 AM","iOS","iPhone8,1","C8037E52-22E7-404F-9DDC-37BB86986DB5","41","0","0","","","9","10","0","0","0","http://www.eyeonwater.org/media/eyeonwater_upload/2974.png"
"2973","1","8/16/2017 7:13:46 PM","223","3/8/2016 1:55:58 AM","-32.33621286697","151.26772524803","16839046","-3807525","png","3/3/2016 3:59:07 AM","iOS","iPhone8,1","C8037E52-22E7-404F-9DDC-37BB86986DB5","41","0","0","","","9","10","0","0","0","http://www.eyeonwater.org/media/eyeonwater_upload/2973.png"
"2972","1","8/16/2017 7:13:46 PM","223","3/8/2016 1:55:57 AM","-32.33621286697","151.26772524803","16839046","-3807525","png","3/3/2016 3:58:37 AM","iOS","iPhone8,1","C8037E52-22E7-404F-9DDC-37BB86986DB5","41","0","10","","","9","9","0","0","0","http://www.eyeonwater.org/media/eyeonwater_upload/2972.png"
"2971","1","8/16/2017 7:13:46 PM","223","3/8/2016 1:55:56 AM","-32.345420136147","151.28912340864","16841428","-3808738","png","3/3/2016 3:13:42 AM","iOS","iPhone8,1","C8037E52-22E7-404F-9DDC-37BB86986DB5","41","-1","0","","","9","9","0","0","0","http://www.eyeonwater.org/media/eyeonwater_upload/2971.png"
"2970","1","8/16/2017 7:13:46 PM","223","3/8/2016 1:55:56 AM","-32.345420136147","151.28912340864","16841428","-3808738","png","3/3/2016 3:13:15 AM","iOS","iPhone8,1","C8037E52-22E7-404F-9DDC-37BB86986DB5","41","0","0","","","10","9","0","0","0","http://www.eyeonwater.org/media/eyeonwater_upload/2970.png"
"2969","1","8/16/2017 7:13:46 PM","223","3/8/2016 1:55:55 AM","-32.345420136147","151.28912340864","16841428","-3808738","png","3/3/2016 3:12:54 AM","iOS","iPhone8,1","C8037E52-22E7-404F-9DDC-37BB86986DB5","41","0","0","","","9","9","0","0","0","http://www.eyeonwater.org/media/eyeonwater_upload/2969.png"
"2968","1","8/16/2017 7:13:46 PM","223","3/8/2016 1:55:54 AM","-32.345420136147","151.28912340864","16841428","-3808738","png","3/3/2016 3:12:22 AM","iOS","iPhone8,1","C8037E52-22E7-404F-9DDC-37BB86986DB5","41","2","0","","","10","9","0","0","0","http://www.eyeonwater.org/media/eyeonwater_upload/2968.png"
"2967","1","8/16/2017 7:13:46 PM","223","3/8/2016 1:55:53 AM","-32.345420136147","151.28912340864","16841428","-3808738","png","3/3/2016 3:11:48 AM","iOS","iPhone8,1","C8037E52-22E7-404F-9DDC-37BB86986DB5","41","0","0","","","9","9","0","0","0","http://www.eyeonwater.org/media/eyeonwater_upload/2967.png"
"2966","1","8/16/2017 7:13:46 PM","223","3/8/2016 1:55:53 AM","-32.345420136147","151.28912340864","16841428","-3808738","png","3/3/2016 3:09:48 AM","iOS","iPhone8,1","C8037E52-22E7-404F-9DDC-37BB86986DB5","41","-3","10","","","11","10","0","0","0","http://www.eyeonwater.org/media/eyeonwater_upload/2966.png"
"2965","1","8/16/2017 7:13:46 PM","223","3/8/2016 1:55:52 AM","-32.360188672349","151.28324442557","16840773","-3810684","png","3/3/2016 1:52:04 AM","iOS","iPhone8,1","C8037E52-22E7-404F-9DDC-37BB86986DB5","41","-4","0","","","10","10","0","0","0","http://www.eyeonwater.org/media/eyeonwater_upload/2965.png"
"2964","1","8/16/2017 7:13:46 PM","223","3/8/2016 1:55:51 AM","-32.360188672349","151.28324442557","16840773","-3810684","png","3/3/2016 1:51:15 AM","iOS","iPhone8,1","C8037E52-22E7-404F-9DDC-37BB86986DB5","41","2","0","","","11","9","0","0","0","http://www.eyeonwater.org/media/eyeonwater_upload/2964.png"
"2963","1","8/16/2017 7:13:46 PM","223","3/8/2016 1:55:51 AM","-32.360188672349","151.28324442557","16840773","-3810684","png","3/3/2016 1:50:37 AM","iOS","iPhone8,1","C8037E52-22E7-404F-9DDC-37BB86986DB5","41","-2","0","","","10","10","0","0","0","http://www.eyeonwater.org/media/eyeonwater_upload/2963.png"
"2962","1","8/16/2017 7:13:46 PM","223","3/8/2016 1:55:50 AM","-32.362777632691","151.27646346591","16840018","-3811025","png","3/3/2016 1:00:47 AM","iOS","iPhone8,1","C8037E52-22E7-404F-9DDC-37BB86986DB5","41","-11","0","","","9","8","0","0","0","http://www.eyeonwater.org/media/eyeonwater_upload/2962.png"
"2961","1","8/16/2017 7:13:46 PM","223","3/8/2016 1:55:49 AM","-32.362777632691","151.27646346591","16840018","-3811025","png","3/3/2016 1:00:23 AM","iOS","iPhone8,1","C8037E52-22E7-404F-9DDC-37BB86986DB5","41","-1","0","","","9","9","0","0","0","http://www.eyeonwater.org/media/eyeonwater_upload/2961.png"
"2960","1","8/16/2017 7:13:46 PM","223","3/8/2016 1:55:49 AM","-32.362777632691","151.27646346591","16840018","-3811025","png","3/3/2016 1:00:00 AM","iOS","iPhone8,1","C8037E52-22E7-404F-9DDC-37BB86986DB5","41","0","10","","","11","9","0","0","0","http://www.eyeonwater.org/media/eyeonwater_upload/2960.png"
"2959","1","8/16/2017 7:13:46 PM","223","3/8/2016 1:55:48 AM","-32.362777632691","151.27646346591","16840018","-3811025","png","3/3/2016 12:59:18 AM","iOS","iPhone8,1","C8037E52-22E7-404F-9DDC-37BB86986DB5","41","0","0","","","11","9","0","0","0","http://www.eyeonwater.org/media/eyeonwater_upload/2959.png"
"2958","1","8/16/2017 7:13:46 PM","223","3/8/2016 1:55:47 AM","-32.362777632691","151.27646346591","16840018","-3811025","png","3/3/2016 12:58:47 AM","iOS","iPhone8,1","C8037E52-22E7-404F-9DDC-37BB86986DB5","41","2","0","","","8","8","0","0","0","http://www.eyeonwater.org/media/eyeonwater_upload/2958.png"
"2957","1","8/16/2017 7:13:46 PM","223","3/8/2016 1:55:46 AM","-32.362777632691","151.27646346591","16840018","-3811025","png","3/3/2016 12:58:04 AM","iOS","iPhone8,1","C8037E52-22E7-404F-9DDC-37BB86986DB5","41","-1","10","","","9","8","0","0","0","http://www.eyeonwater.org/media/eyeonwater_upload/2957.png"
"2956","1","8/16/2017 7:13:46 PM","223","3/8/2016 1:55:46 AM","-32.356356927224","151.27218877911","16839543","-3810179","png","3/2/2016 11:55:42 PM","iOS","iPhone8,1","C8037E52-22E7-404F-9DDC-37BB86986DB5","41","0","0","","","11","9","0","0","0","http://www.eyeonwater.org/media/eyeonwater_upload/2956.png"
"2955","1","8/16/2017 7:13:46 PM","223","3/8/2016 1:55:45 AM","-32.356356927224","151.27218877911","16839543","-3810179","png","3/2/2016 11:55:23 PM","iOS","iPhone8,1","C8037E52-22E7-404F-9DDC-37BB86986DB5","41","0","0","","","11","9","0","0","0","http://www.eyeonwater.org/media/eyeonwater_upload/2955.png"
"2954","1","8/16/2017 7:13:46 PM","223","3/8/2016 1:55:44 AM","-32.356356927224","151.27218877911","16839543","-3810179","png","3/2/2016 11:54:29 PM","iOS","iPhone8,1","C8037E52-22E7-404F-9DDC-37BB86986DB5","41","0","0","","","12","9","0","0","0","http://www.eyeonwater.org/media/eyeonwater_upload/2954.png"
"2953","1","8/16/2017 7:13:46 PM","223","3/8/2016 1:55:44 AM","-32.356356927224","151.27218877911","16839543","-3810179","png","3/2/2016 11:53:28 PM","iOS","iPhone8,1","C8037E52-22E7-404F-9DDC-37BB86986DB5","41","-1","10","","","10","9","0","0","0","http://www.eyeonwater.org/media/eyeonwater_upload/2953.png"
"2952","1","8/16/2017 7:13:46 PM","223","3/8/2016 1:55:43 AM","-32.356701213897","150.99199424512","16808351","-3810224","png","3/2/2016 12:03:51 AM","iOS","iPhone8,1","C8037E52-22E7-404F-9DDC-37BB86986DB5","41","4","0","","","11","11","0","0","0","http://www.eyeonwater.org/media/eyeonwater_upload/2952.png"
"2951","1","8/16/2017 7:13:46 PM","223","3/8/2016 1:55:42 AM","-32.356701213897","150.99199424512","16808351","-3810224","png","3/2/2016 12:02:50 AM","iOS","iPhone8,1","C8037E52-22E7-404F-9DDC-37BB86986DB5","41","4","0","","","11","11","0","0","0","http://www.eyeonwater.org/media/eyeonwater_upload/2951.png"
"2950","1","8/16/2017 7:13:46 PM","223","3/8/2016 1:55:42 AM","-32.356701213897","150.99199424512","16808351","-3810224","png","3/2/2016 12:00:40 AM","iOS","iPhone8,1","C8037E52-22E7-404F-9DDC-37BB86986DB5","41","0","10","","","11","13","0","0","0","http://www.eyeonwater.org/media/eyeonwater_upload/2950.png"
"2949","1","8/16/2017 7:13:46 PM","223","3/8/2016 1:55:41 AM","-32.337708072767","151.44042707062","16858271","-3807722","png","3/1/2016 4:06:46 AM","iOS","iPhone8,1","C8037E52-22E7-404F-9DDC-37BB86986DB5","41","-12","0","","","16","15","0","0","0","http://www.eyeonwater.org/media/eyeonwater_upload/2949.png"
"2948","1","8/16/2017 7:13:46 PM","223","3/8/2016 1:55:40 AM","-32.337708072767","151.44042707062","16858271","-3807722","png","3/1/2016 4:06:06 AM","iOS","iPhone8,1","C8037E52-22E7-404F-9DDC-37BB86986DB5","41","-3","0","","","16","15","0","0","0","http://www.eyeonwater.org/media/eyeonwater_upload/2948.png"
"2947","1","8/16/2017 7:13:46 PM","223","3/8/2016 1:55:40 AM","-32.337708072767","151.44042707062","16858271","-3807722","png","3/1/2016 4:02:59 AM","iOS","iPhone8,1","C8037E52-22E7-404F-9DDC-37BB86986DB5","41","-5","10","","","16","14","0","0","0","http://www.eyeonwater.org/media/eyeonwater_upload/2947.png"
"2946","1","8/16/2017 7:13:46 PM","223","3/8/2016 1:55:39 AM","-32.332467539266","151.43318862668","16857465","-3807031","png","3/1/2016 3:22:53 AM","iOS","iPhone8,1","C8037E52-22E7-404F-9DDC-37BB86986DB5","41","4","0","","","15","14","0","0","0","http://www.eyeonwater.org/media/eyeonwater_upload/2946.png"
"2945","1","8/16/2017 7:13:46 PM","223","3/8/2016 1:55:38 AM","-32.332467539266","151.43318862668","16857465","-3807031","png","3/1/2016 3:21:51 AM","iOS","iPhone8,1","C8037E52-22E7-404F-9DDC-37BB86986DB5","41","6","0","","","15","15","0","0","0","http://www.eyeonwater.org/media/eyeonwater_upload/2945.png"
"2944","1","8/16/2017 7:13:46 PM","223","3/8/2016 1:55:38 AM","-32.332467539266","151.43318862668","16857465","-3807031","png","3/1/2016 3:19:54 AM","iOS","iPhone8,1","C8037E52-22E7-404F-9DDC-37BB86986DB5","41","-1","10","","","16","15","0","0","0","http://www.eyeonwater.org/media/eyeonwater_upload/2944.png"
"2943","1","8/16/2017 7:13:46 PM","223","3/8/2016 1:55:37 AM","-32.328804018937","151.43884657896","16858095","-3806549","png","3/1/2016 2:24:09 AM","iOS","iPhone8,1","C8037E52-22E7-404F-9DDC-37BB86986DB5","41","2","0","","","16","15","0","0","0","http://www.eyeonwater.org/media/eyeonwater_upload/2943.png"
"2942","1","8/16/2017 7:13:46 PM","223","3/8/2016 1:55:36 AM","-32.328804018937","151.43884657896","16858095","-3806549","png","3/1/2016 2:22:58 AM","iOS","iPhone8,1","C8037E52-22E7-404F-9DDC-37BB86986DB5","41","3","0","","","16","15","0","0","0","http://www.eyeonwater.org/media/eyeonwater_upload/2942.png"
"2941","1","8/16/2017 7:13:46 PM","223","3/8/2016 1:55:35 AM","-32.328804018937","151.43884657896","16858095","-3806549","png","3/1/2016 2:21:11 AM","iOS","iPhone8,1","C8037E52-22E7-404F-9DDC-37BB86986DB5","41","-3","10","","","16","14","0","0","0","http://www.eyeonwater.org/media/eyeonwater_upload/2941.png"
"2940","1","8/16/2017 7:13:46 PM","223","3/8/2016 1:55:35 AM","-32.331969989494","151.45120468936","16859470","-3806966","png","3/1/2016 1:23:09 AM","iOS","iPhone8,1","C8037E52-22E7-404F-9DDC-37BB86986DB5","41","-5","0","","","16","14","0","0","0","http://www.eyeonwater.org/media/eyeonwater_upload/2940.png"
"1934","1","8/16/2017 7:13:46 PM","224","3/5/2016 5:21:06 AM","-32.36130870416","151.00298861987","16809575","-3810832","png","3/2/2016 4:03:29 AM","iOS","iPhone7,2","A9366046-54DD-4E3D-A785-5F63375457BA","35","0","0","","","10","11","0","0","0","http://www.eyeonwater.org/media/eyeonwater_upload/1934.png"
"1933","1","8/16/2017 7:13:46 PM","224","3/5/2016 5:20:58 AM","-32.36130870416","151.00298861987","16809575","-3810832","png","3/2/2016 4:02:51 AM","iOS","iPhone7,2","A9366046-54DD-4E3D-A785-5F63375457BA","35","0","0","","","10","11","0","0","0","http://www.eyeonwater.org/media/eyeonwater_upload/1933.png"
"1926","1","8/16/2017 7:13:46 PM","226","3/2/2016 4:03:04 AM","-32.36130870416","151.00298861987","16809575","-3810832","png","3/2/2016 4:02:12 AM","iOS","iPhone7,2","A9366046-54DD-4E3D-A785-5F63375457BA","35","0","10","","","11","11","0","0","0","http://www.eyeonwater.org/media/eyeonwater_upload/1926.png"
"1925","1","8/16/2017 7:13:46 PM","226","3/2/2016 3:21:45 AM","-32.375369707435","151.00114893777","16809371","-3812685","png","3/2/2016 3:21:28 AM","iOS","iPhone7,2","A9366046-54DD-4E3D-A785-5F63375457BA","35","0","0","","","11","11","0","0","0","http://www.eyeonwater.org/media/eyeonwater_upload/1925.png"
"1924","1","8/16/2017 7:13:46 PM","226","3/2/2016 3:20:56 AM","-32.375369707435","151.00114893777","16809371","-3812685","png","3/2/2016 3:20:37 AM","iOS","iPhone7,2","A9366046-54DD-4E3D-A785-5F63375457BA","35","0","0","","","11","11","0","0","0","http://www.eyeonwater.org/media/eyeonwater_upload/1924.png"
"1923","1","8/16/2017 7:13:46 PM","226","3/2/2016 3:20:10 AM","-32.375369707435","151.00114893777","16809371","-3812685","png","3/2/2016 3:19:30 AM","iOS","iPhone7,2","A9366046-54DD-4E3D-A785-5F63375457BA","35","0","10","","","10","10","0","0","0","http://www.eyeonwater.org/media/eyeonwater_upload/1923.png"
"1922","1","8/16/2017 7:13:46 PM","226","3/2/2016 2:04:23 AM","-32.381269019912","150.99316949937","16808482","-3813462","png","3/2/2016 2:04:24 AM","iOS","iPhone7,2","A9366046-54DD-4E3D-A785-5F63375457BA","35","0","0","","","10","10","0","0","0","http://www.eyeonwater.org/media/eyeonwater_upload/1922.png"
"1921","1","8/16/2017 7:13:46 PM","226","3/2/2016 2:03:49 AM","-32.381269019912","150.99316949937","16808482","-3813462","png","3/2/2016 2:03:37 AM","iOS","iPhone7,2","A9366046-54DD-4E3D-A785-5F63375457BA","35","3","0","","","10","10","0","0","0","http://www.eyeonwater.org/media/eyeonwater_upload/1921.png"
"1920","1","8/16/2017 7:13:46 PM","226","3/2/2016 2:03:11 AM","-32.381269019912","150.99316949937","16808482","-3813462","png","3/2/2016 2:02:52 AM","iOS","iPhone7,2","A9366046-54DD-4E3D-A785-5F63375457BA","35","5","10","","","11","11","0","0","0","http://www.eyeonwater.org/media/eyeonwater_upload/1920.png"
"1919","1","8/16/2017 7:13:46 PM","226","3/2/2016 1:27:05 AM","-32.378299240984","150.9850721342","16807581","-3813071","png","3/2/2016 1:27:01 AM","iOS","iPhone7,2","A9366046-54DD-4E3D-A785-5F63375457BA","35","5","0","","","11","10","0","0","0","http://www.eyeonwater.org/media/eyeonwater_upload/1919.png"
"1918","1","8/16/2017 7:13:46 PM","226","3/2/2016 1:26:27 AM","-32.378299240984","150.9850721342","16807581","-3813071","png","3/2/2016 1:26:36 AM","iOS","iPhone7,2","A9366046-54DD-4E3D-A785-5F63375457BA","35","4","0","","","11","10","0","0","0","http://www.eyeonwater.org/media/eyeonwater_upload/1918.png"
"1917","1","8/16/2017 7:13:46 PM","226","3/2/2016 1:26:22 AM","-32.378299240984","150.9850721342","16807581","-3813071","png","3/2/2016 1:26:14 AM","iOS","iPhone7,2","A9366046-54DD-4E3D-A785-5F63375457BA","35","5","10","","","11","10","0","0","0","http://www.eyeonwater.org/media/eyeonwater_upload/1917.png"
"1916","1","8/16/2017 7:13:46 PM","226","3/2/2016 12:43:18 AM","-32.363999420807","150.98635347574","16807723","-3811186","png","3/2/2016 12:43:12 AM","iOS","iPhone7,2","A9366046-54DD-4E3D-A785-5F63375457BA","35","1","0","","","11","11","0","0","0","http://www.eyeonwater.org/media/eyeonwater_upload/1916.png"
"1915","1","8/16/2017 7:13:46 PM","226","3/2/2016 12:43:17 AM","-32.363999420807","150.98635347574","16807723","-3811186","png","3/2/2016 12:42:52 AM","iOS","iPhone7,2","A9366046-54DD-4E3D-A785-5F63375457BA","35","1","0","","","11","11","0","0","0","http://www.eyeonwater.org/media/eyeonwater_upload/1915.png"
"1914","1","8/16/2017 7:13:46 PM","226","3/2/2016 12:43:15 AM","-32.363999420807","150.98635347574","16807723","-3811186","png","3/2/2016 12:42:16 AM","iOS","iPhone7,2","A9366046-54DD-4E3D-A785-5F63375457BA","35","5","0","","","11","11","0","0","0","http://www.eyeonwater.org/media/eyeonwater_upload/1914.png"
"1913","1","8/16/2017 7:13:46 PM","226","3/2/2016 12:42:43 AM","-32.356704734296","150.99194563008","16808346","-3810225","png","3/2/2016 12:00:37 AM","iOS","iPhone7,2","A9366046-54DD-4E3D-A785-5F63375457BA","35","2","10","","","11","11","0","0","0","http://www.eyeonwater.org/media/eyeonwater_upload/1913.png"
"1912","1","8/16/2017 7:13:46 PM","226","3/2/2016 12:42:16 AM","-32.336569055945","151.45058199777","16859401","-3807572","png","3/1/2016 5:24:32 AM","iOS","iPhone7,2","A9366046-54DD-4E3D-A785-5F63375457BA","35","-2","0","","","16","15","0","0","0","http://www.eyeonwater.org/media/eyeonwater_upload/1912.png"
"1911","1","8/16/2017 7:13:46 PM","226","3/2/2016 12:42:10 AM","-32.336569055945","151.45058199777","16859401","-3807572","png","3/1/2016 5:24:07 AM","iOS","iPhone7,2","A9366046-54DD-4E3D-A785-5F63375457BA","35","-2","0","","","16","15","0","0","0","http://www.eyeonwater.org/media/eyeonwater_upload/1911.png"
"1910","1","8/16/2017 7:13:46 PM","226","3/2/2016 12:42:03 AM","-32.336569055945","151.45058199777","16859401","-3807572","png","3/1/2016 5:23:41 AM","iOS","iPhone7,2","A9366046-54DD-4E3D-A785-5F63375457BA","35","-1","10","","","16","14","0","0","0","http://www.eyeonwater.org/media/eyeonwater_upload/1910.png"
"1909","1","8/16/2017 7:13:46 PM","226","3/2/2016 12:41:52 AM","-32.335155364156","151.44233378596","16858483","-3807385","png","3/1/2016 4:47:03 AM","iOS","iPhone7,2","A9366046-54DD-4E3D-A785-5F63375457BA","35","-3","0","","","16","15","0","0","0","http://www.eyeonwater.org/media/eyeonwater_upload/1909.png"
"1908","1","8/16/2017 7:13:46 PM","226","3/2/2016 12:41:43 AM","-32.335155364156","151.44233378596","16858483","-3807385","png","3/1/2016 4:46:32 AM","iOS","iPhone7,2","A9366046-54DD-4E3D-A785-5F63375457BA","35","-3","0","","","16","14","0","0","0","http://www.eyeonwater.org/media/eyeonwater_upload/1908.png"
"1907","1","8/16/2017 7:13:46 PM","226","3/2/2016 12:38:44 AM","-32.335155364156","151.44233378596","16858483","-3807385","png","3/1/2016 4:45:49 AM","iOS","iPhone7,2","A9366046-54DD-4E3D-A785-5F63375457BA","35","-3","10","","","16","15","0","0","0","http://www.eyeonwater.org/media/eyeonwater_upload/1907.png"
"1905","1","8/16/2017 7:13:46 PM","226","3/2/2016 12:03:50 AM","-32.331969989494","151.45120468936","16859470","-3806966","png","3/1/2016 1:23:09 AM","iOS","iPhone8,1","C8037E52-22E7-404F-9DDC-37BB86986DB5","41","-5","0","","","16","14","0","0","0","http://www.eyeonwater.org/media/eyeonwater_upload/1905.png"
"1904","1","8/16/2017 7:13:46 PM","226","3/2/2016 12:03:36 AM","-32.331969989494","151.45120468936","16859470","-3806966","png","3/1/2016 1:22:24 AM","iOS","iPhone8,1","C8037E52-22E7-404F-9DDC-37BB86986DB5","41","-10","0","","","16","14","0","0","0","http://www.eyeonwater.org/media/eyeonwater_upload/1904.png"
"1903","1","8/16/2017 7:13:46 PM","226","3/2/2016 12:03:32 AM","-32.331969989494","151.45120468936","16859470","-3806966","png","3/1/2016 1:21:25 AM","iOS","iPhone8,1","C8037E52-22E7-404F-9DDC-37BB86986DB5","41","0","10","","","16","14","0","0","0","http://www.eyeonwater.org/media/eyeonwater_upload/1903.png"
"1902","1","8/16/2017 7:13:46 PM","226","3/2/2016 12:02:58 AM","-32.331697703369","151.45645109019","16860055","-3806930","png","3/1/2016 12:19:45 AM","iOS","iPhone8,1","C8037E52-22E7-404F-9DDC-37BB86986DB5","41","-5","0","","","16","15","0","0","0","http://www.eyeonwater.org/media/eyeonwater_upload/1902.png"
"1901","1","8/16/2017 7:13:46 PM","226","3/2/2016 12:02:48 AM","-32.331697703369","151.45645109019","16860055","-3806930","png","3/1/2016 12:17:35 AM","iOS","iPhone8,1","C8037E52-22E7-404F-9DDC-37BB86986DB5","41","1","0","","","17","15","0","0","0","http://www.eyeonwater.org/media/eyeonwater_upload/1901.png"
"1900","1","8/16/2017 7:13:46 PM","226","3/2/2016 12:02:29 AM","-32.331697703369","151.45645109019","16860055","-3806930","png","3/1/2016 12:14:15 AM","iOS","iPhone8,1","C8037E52-22E7-404F-9DDC-37BB86986DB5","41","4","10","","","17","16","0","0","0","http://www.eyeonwater.org/media/eyeonwater_upload/1900.png"
"1874","1","8/16/2017 7:13:46 PM","232","2/21/2016 11:26:11 PM","-27.627013037339","152.36730391335","16961450","-3202029","png","2/16/2016 5:19:18 AM","iOS","iPhone7,2","A9366046-54DD-4E3D-A785-5F63375457BA","35","7","0","","","16","14","0","0.46","0","http://www.eyeonwater.org/media/eyeonwater_upload/1874.png"
"1850","1","8/16/2017 7:13:46 PM","234","2/16/2016 5:19:43 AM","-27.627013037339","152.36730391335","16961450","-3202029","png","2/16/2016 5:19:18 AM","iOS","iPhone7,2","A9366046-54DD-4E3D-A785-5F63375457BA","35","7","0","","","16","14","0","0.46","0","http://www.eyeonwater.org/media/eyeonwater_upload/1850.png"
"1849","1","8/16/2017 7:13:46 PM","234","2/16/2016 5:18:55 AM","-27.627013037339","152.36730391335","16961450","-3202029","png","2/16/2016 5:18:39 AM","iOS","iPhone7,2","A9366046-54DD-4E3D-A785-5F63375457BA","35","5","0","","","15","14","0","0.46","0","http://www.eyeonwater.org/media/eyeonwater_upload/1849.png"
"1848","1","8/16/2017 7:13:46 PM","234","2/16/2016 5:17:15 AM","-27.627013037339","152.36730391335","16961450","-3202029","png","2/16/2016 5:16:23 AM","iOS","iPhone7,2","A9366046-54DD-4E3D-A785-5F63375457BA","35","7","10","","","16","14","0","0.46","0","http://www.eyeonwater.org/media/eyeonwater_upload/1848.png"
"1847","1","8/16/2017 7:13:46 PM","234","2/16/2016 3:06:14 AM","-27.512367870684","152.35290787197","16959848","-3187632","png","2/16/2016 3:05:59 AM","iOS","iPhone7,2","A9366046-54DD-4E3D-A785-5F63375457BA","35","15","0","","","13","11","0","0","0","http://www.eyeonwater.org/media/eyeonwater_upload/1847.png"
"1846","1","8/16/2017 7:13:46 PM","234","2/16/2016 3:05:33 AM","-27.512367870684","152.35290787197","16959848","-3187632","png","2/16/2016 3:05:21 AM","iOS","iPhone7,2","A9366046-54DD-4E3D-A785-5F63375457BA","35","13","0","","","13","11","0","0","0","http://www.eyeonwater.org/media/eyeonwater_upload/1846.png"
"1845","1","8/16/2017 7:13:46 PM","234","2/16/2016 3:04:48 AM","-27.512367870684","152.35290787197","16959848","-3187632","png","2/16/2016 3:04:21 AM","iOS","iPhone7,2","A9366046-54DD-4E3D-A785-5F63375457BA","35","4","10","","","13","11","0","0","0","http://www.eyeonwater.org/media/eyeonwater_upload/1845.png"
"1844","1","8/16/2017 7:13:46 PM","234","2/16/2016 1:05:36 AM","-27.422533188972","152.44538742132","16970142","-3176361","png","2/16/2016 1:04:59 AM","iOS","iPhone7,2","A9366046-54DD-4E3D-A785-5F63375457BA","35","4","0","","","17","16","0","0.027","0","http://www.eyeonwater.org/media/eyeonwater_upload/1844.png"
"1843","1","8/16/2017 7:13:46 PM","234","2/16/2016 1:04:23 AM","-27.422570027437","152.4453062845","16970133","-3176366","png","2/16/2016 1:03:34 AM","iOS","iPhone7,2","A9366046-54DD-4E3D-A785-5F63375457BA","35","4","0","","","17","16","0","0.027","0","http://www.eyeonwater.org/media/eyeonwater_upload/1843.png"
"1842","1","8/16/2017 7:13:46 PM","234","2/16/2016 1:01:25 AM","-27.422570027437","152.4453062845","16970133","-3176366","png","2/16/2016 1:00:42 AM","iOS","iPhone7,2","A9366046-54DD-4E3D-A785-5F63375457BA","35","8","10","","","16","16","0","0.027","0","http://www.eyeonwater.org/media/eyeonwater_upload/1842.png"
"1836","1","8/16/2017 7:13:46 PM","240","2/11/2016 3:19:48 AM","-27.489325752939","152.99442697444","17031261","-3184740","png","2/11/2016 3:19:32 AM","iOS","iPhone7,2","A9366046-54DD-4E3D-A785-5F63375457BA","35","5","0","","","16","17","0","0","0","http://www.eyeonwater.org/media/eyeonwater_upload/1836.png"
"1835","1","8/16/2017 7:13:46 PM","240","2/11/2016 3:18:53 AM","-27.489325752939","152.99442697444","17031261","-3184740","png","2/11/2016 3:17:18 AM","iOS","iPhone7,2","A9366046-54DD-4E3D-A785-5F63375457BA","35","5","10","","","19","18","0","0","0","http://www.eyeonwater.org/media/eyeonwater_upload/1835.png"
"805","1","8/16/2017 7:13:46 PM","248","12/21/2015 1:32:52 AM","-27.532312313803","152.97560156546","17029166","-3190136","png","12/21/2015 1:31:59 AM","iOS","iPhone4,1","C8037E52-22E7-404F-9DDC-37BB86986DB5","41","10","10","","1","18","18","0","0","0","http://www.eyeonwater.org/media/eyeonwater_upload/805.png"
"675","1","8/16/2017 7:13:46 PM","274","10/14/2015 2:05:58 PM","-13.92769465","123.3058903","13726348","-1565922","JPG","7/31/2015 1:18:00 PM","XXX:???????","samsung GT-I9505","E626903A3049E30B","","5","10","","","3","3","","0","0","http://www.eyeonwater.org/media/eyeonwater_upload/675.JPG"
"671","1","8/16/2017 7:13:46 PM","274","10/14/2015 2:05:58 PM","-14.02292537","123.26250542","13721519","-1576846","JPG","7/29/2015 10:40:00 AM","XXX:???????","samsung GT-I9505","E626903A3049E30B","","2","10","","","3","2","","0","0","http://www.eyeonwater.org/media/eyeonwater_upload/671.JPG"
"661","1","8/16/2017 7:13:46 PM","274","10/14/2015 2:05:58 PM","-13.95814264","123.31209345","13727039","-1569414","JPG","7/26/2015 8:11:00 AM","XXX:???????","samsung GT-I9505","E626903A3049E30B","","30","10","","","3","3","","0","0","http://www.eyeonwater.org/media/eyeonwater_upload/661.JPG"
"564","1","8/16/2017 7:13:46 PM","274","10/14/2015 2:05:58 PM","-27.05305437","153.1936676","17053441","-3130101","JPG","10/31/2014 11:36:00 AM","XXX:???????","samsung GT-I9506","9B26E48FE8C05ED8","","15","0","","","15","14","","0","0","http://www.eyeonwater.org/media/eyeonwater_upload/564.JPG"
"548","1","8/16/2017 7:13:46 PM","274","10/14/2015 2:05:58 PM","-27.05371956","153.19419292","17053499","-3130184","JPG","10/31/2014 11:26:00 AM","XXX:???????","samsung GT-I9506","9B26E48FE8C05ED8","","22","10","","","13","12","","0","0","http://www.eyeonwater.org/media/eyeonwater_upload/548.JPG"
"447","1","8/16/2017 7:13:46 PM","274","10/14/2015 2:05:58 PM","-27.466106","153.04242","17036604","-3181827","PNG","4/21/2015 1:04:00 PM","iPhone3,1","D's iPhone","440C5703-88EF-4D56-9330-D0D977513844","","31","10","","","14","18","","0","0","http://www.eyeonwater.org/media/eyeonwater_upload/447.PNG"
"409","1","8/16/2017 7:13:46 PM","274","10/14/2015 2:05:58 PM","-35.288555624357","149.12616471593","16600648","-4203164","JPG","4/17/2015 10:42:00 AM","XXX:???????","samsung GT-I9300","776D59FDAC9F5563","","30","10","1","1","16","14","","0","0","http://www.eyeonwater.org/media/eyeonwater_upload/409.JPG"
"380","1","8/16/2017 7:13:46 PM","274","10/14/2015 2:05:58 PM","-34.226289855213","146.0197152442","16254840","-4059227","JPG","4/9/2015 10:45:00 AM","XXX:???????","samsung GT-I9300","776D59FDAC9F5563","","30","0","","","15","13","","0","0","http://www.eyeonwater.org/media/eyeonwater_upload/380.JPG"
"379","1","8/16/2017 7:13:46 PM","274","10/14/2015 2:05:58 PM","-34.231376589558","146.01894151537","16254754","-4059912","JPG","4/9/2015 12:13:00 PM","XXX:???????","samsung GT-I9300","776D59FDAC9F5563","","30","10","","","13","11","","0","0","http://www.eyeonwater.org/media/eyeonwater_upload/379.JPG"
"371","1","8/16/2017 7:13:46 PM","274","10/14/2015 2:05:58 PM","-27.49899375","153.37934276","17074110","-3185953","JPG","2/27/2015 4:56:00 PM","XXX:???????","samsung GT-I9505","ABD1F9BC7F2D3E9B","","23","10","","","11","7","","0","0","http://www.eyeonwater.org/media/eyeonwater_upload/371.JPG"
"364","1","8/16/2017 7:13:46 PM","274","10/14/2015 2:05:58 PM","-34.21224543942","146.02417224036","16255336","-4057337","JPG","4/9/2015 9:11:00 AM","XXX:???????","samsung GT-I9300","776D59FDAC9F5563","","30","10","","","16","13","","0","0","http://www.eyeonwater.org/media/eyeonwater_upload/364.JPG"
"254","1","8/16/2017 7:13:46 PM","274","10/14/2015 2:05:58 PM","-27.05293878","153.19391506","17053468","-3130087","JPG","10/31/2014 11:30:00 AM","XXX:???????","samsung GT-I9506","9B26E48FE8C05ED8","","12","0","","","6","6","","0","0","http://www.eyeonwater.org/media/eyeonwater_upload/254.JPG"
"232","1","8/16/2017 7:13:46 PM","274","10/14/2015 2:05:58 PM","-27.49866939","153.37927616","17074102","-3185913","JPG","2/27/2015 5:05:00 PM","XXX:???????","samsung GT-I9505","ABD1F9BC7F2D3E9B","","19","10","","","6","7","","0","0","http://www.eyeonwater.org/media/eyeonwater_upload/232.JPG"
"209","1","8/16/2017 7:13:46 PM","274","10/14/2015 2:05:58 PM","-27.05453418","153.19497744","17053586","-3130286","JPG","10/31/2014 10:53:00 AM","XXX:???????","samsung GT-I9506","9B26E48FE8C05ED8","","17","10","","","6","6","","0","0","http://www.eyeonwater.org/media/eyeonwater_upload/209.JPG"
"166","1","8/16/2017 7:13:46 PM","274","10/14/2015 2:05:58 PM","-34.223697053712","146.02103724821","16254987","-4058878","JPG","4/8/2015 2:54:00 PM","XXX:???????","samsung GT-I9300","776D59FDAC9F5563","","32","10","","","15","13","","0","0","http://www.eyeonwater.org/media/eyeonwater_upload/166.JPG"
"161","1","8/16/2017 7:13:46 PM","274","10/14/2015 2:05:58 PM","-34.219406081924","146.01726953299","16254568","-4058301","JPG","4/8/2015 1:24:00 PM","XXX:???????","samsung GT-I9300","776D59FDAC9F5563","","31","10","","","16","14","","0","0","http://www.eyeonwater.org/media/eyeonwater_upload/161.JPG"
"157","1","8/16/2017 7:13:46 PM","274","10/14/2015 2:05:58 PM","-34.214033860784","146.02176930995","16255069","-4057577","JPG","4/8/2015 11:51:00 AM","XXX:???????","samsung GT-I9300","776D59FDAC9F5563","","32","10","","","15","14","","0","0","http://www.eyeonwater.org/media/eyeonwater_upload/157.JPG"
"92","1","8/16/2017 7:13:46 PM","274","10/14/2015 2:05:58 PM","-35.171086968425","147.36781604159","16404910","-4187155","JPG","4/10/2015 10:47:00 AM","XXX:???????","samsung GT-I9300","776D59FDAC9F5563","","30","0","","","13","11","","0","0","http://www.eyeonwater.org/media/eyeonwater_upload/92.JPG"
"87","1","8/16/2017 7:13:46 PM","274","10/14/2015 2:05:58 PM","-35.16556213567","147.37048917369","16405207","-4186403","JPG","4/10/2015 10:23:00 AM","XXX:???????","samsung GT-I9300","776D59FDAC9F5563","","30","10","","","12","11","","0","0","http://www.eyeonwater.org/media/eyeonwater_upload/87.JPG"
"83","1","8/16/2017 7:13:46 PM","274","10/14/2015 2:05:58 PM","-35.164483687813","147.37131738207","16405300","-4186256","JPG","4/10/2015 9:54:00 AM","XXX:???????","samsung GT-I9300","776D59FDAC9F5563","","30","0","","","13","11","","0","0","http://www.eyeonwater.org/media/eyeonwater_upload/83.JPG"
"79","1","8/16/2017 7:13:46 PM","274","10/14/2015 2:05:58 PM","-35.160542161007","147.37389200814","16405586","-4185719","JPG","4/10/2015 9:28:00 AM","XXX:???????","samsung GT-I9300","776D59FDAC9F5563","","30","10","","","13","12","","0","0","http://www.eyeonwater.org/media/eyeonwater_upload/79.JPG"
"58","1","8/16/2017 7:13:46 PM","274","10/14/2015 2:05:58 PM","-30.529086755972","152.04244621072","16925287","-3571741","JPG","5/22/2015 1:01:00 PM","XXX:???????","samsung GT-I9300","776D59FDAC9F5563","","30","10","","1","17","17","","0","0","http://www.eyeonwater.org/media/eyeonwater_upload/58.JPG"
"29","1","8/16/2017 7:13:46 PM","274","10/14/2015 2:05:58 PM","-35.164296174158","147.37539559735","16405753","-4186230","JPG","4/9/2015 5:07:00 PM","XXX:???????","samsung GT-I9300","776D59FDAC9F5563","","30","10","","","8","12","","0","0","http://www.eyeonwater.org/media/eyeonwater_upload/29.JPG"
"25","1","8/16/2017 7:13:46 PM","274","10/14/2015 2:05:58 PM","-35.169355955855","147.37637686234","16405863","-4186919","JPG","4/9/2015 4:38:00 PM","XXX:???????","samsung GT-I9300","776D59FDAC9F5563","","30","10","","","10","12","","0","0","http://www.eyeonwater.org/media/eyeonwater_upload/25.JPG"
"13","1","8/16/2017 7:13:46 PM","274","10/14/2015 2:05:58 PM","-34.218417793704","146.02484463386","16255411","-4058168","JPG","4/9/2015 10:10:00 AM","XXX:???????","samsung GT-I9300","776D59FDAC9F5563","","30","10","","","14","12","","0","0","http://www.eyeonwater.org/media/eyeonwater_upload/13.JPG"